<?xml version="1.0" encoding="UTF-8"?>
<kml xmlns="http://earth.google.com/kml/2.0"><Document><name>GPS TrackMaker</name><visibility>1</visibility><Style id="waypoint"><Icon><href>http://maps.google.com/mapfiles/kml/pushpin/ylw-pushpin.png</href></Icon></Style><Style id="route"><Icon><href>root://icons/bitmap-4.png?x=160&amp;y=0&amp;w=32&amp;h=32</href></Icon></Style><LookAt><longitude>-40.37394</longitude><latitude>-9.486031</latitude><range>232350</range></LookAt><Folder><name>Trilhas</name><visibility>1</visibility><Placemark><name>Trilha 0001</name><Style><LineStyle><color>FFFF0000</color><width>2</width></LineStyle></Style><LineString><coordinates>-40.51581,-9.451285,362.6 -40.5155417,-9.4513083,361.9 -40.51529,-9.4513267,362.2 -40.5150683,-9.451335,362.5 -40.514855,-9.45134,362.7 -40.5146467,-9.4513533,362.4 -40.5144367,-9.4513667,361.8 -40.5142267,-9.4513767,361.4 -40.51402,-9.451385,361.2 -40.5138117,-9.451395,361.6 -40.513595,-9.45141,361.6 -40.51335,-9.451425,360.9 -40.513075,-9.4514367,361.5 -40.5127617,-9.4514483,362.2 -40.5124283,-9.451475,361.9 -40.512095,-9.4514967,361.2 -40.5117667,-9.45152,360.2 -40.5114317,-9.4515383,360.4 -40.5110983,-9.4515567,360.7 -40.5107917,-9.45157,361.1 -40.5104817,-9.4515783,361.6 -40.510175,-9.4516,361.7 -40.50985,-9.451615,361.8 -40.5095067,-9.4516333,362.2 -40.5091517,-9.451655,361 -40.5088,-9.4516817,360.5 -40.5084717,-9.451715,360 -40.50816,-9.4517617,360 -40.5078517,-9.451805,359.4 -40.50754,-9.4518333,359.1 -40.5072217,-9.4518267,358 -40.506895,-9.451815,358 -40.5065933,-9.4518033,356.4 -40.5063067,-9.451805,355.5 -40.5060217,-9.4518183,356 -40.5057217,-9.4518367,357.8 -40.5054233,-9.4518517,357.7 -40.5051267,-9.4518633,357.6 -40.5048283,-9.45187,357.4 -40.504525,-9.4518917,358.4 -40.504205,-9.4519067,359.4 -40.5038833,-9.4519283,361.1 -40.5035583,-9.45195,361.7 -40.5032217,-9.45195,362.7 -40.502895,-9.45195,362.6 -40.5025733,-9.45195,361.9 -40.5022433,-9.4519467,362.2 -40.5019,-9.4519367,362.4 -40.50154,-9.451925,362.2 -40.5011917,-9.4519083,362.4 -40.500835,-9.4518883,362.9 -40.500475,-9.4518583,363.6 -40.500125,-9.4518267,363.9 -40.499775,-9.451795,365.4 -40.4994217,-9.4517717,366.6 -40.4990633,-9.4517433,367.4 -40.4987283,-9.4517283,366.3 -40.4983817,-9.4517167,365.5 -40.4980533,-9.4516967,367.3 -40.4977067,-9.45163,367.4 -40.4973433,-9.4515083,367 -40.4970017,-9.451385,366.9 -40.4966583,-9.4512933,365.8 -40.49631,-9.4512133,364.5 -40.4959683,-9.4511317,363.1 -40.495635,-9.4510383,363.8 -40.4953033,-9.4509467,362.7 -40.494975,-9.45085,363.5 -40.4946483,-9.4507433,362.1 -40.494345,-9.45064,361.8 -40.494065,-9.450545,362.7 -40.493825,-9.4504633,364 -40.493595,-9.4503867,363.7 -40.49335,-9.4502933,362.9 -40.49308,-9.4501883,361.8 -40.4928,-9.450065,362.8 -40.4925067,-9.4499433,362.3 -40.4922033,-9.4498167,362 -40.4918967,-9.44967,361.6 -40.4915983,-9.4495233,361.2 -40.49131,-9.4493833,360.9 -40.4910383,-9.4492417,360.3 -40.490795,-9.44912,360.6 -40.4905867,-9.44903,361 -40.490405,-9.44898,360.9 -40.490265,-9.4489783,361.3 -40.4901817,-9.4489867,361.3 -40.49009,-9.4489933,361.7 -40.4899667,-9.4489917,361.6 -40.4898017,-9.4489433,361.9 -40.4896483,-9.4487833,363 -40.4895283,-9.4486067,361.5 -40.4894133,-9.4484733,360.6 -40.4893,-9.4483867,360 -40.4891883,-9.4483133,359.6 -40.4890883,-9.44825,356.9 -40.4889983,-9.4482,356.2 -40.4888967,-9.4481433,356.8 -40.4888017,-9.4480967,356.6 -40.48871,-9.448045,356.5 -40.4886233,-9.4480017,356.1 -40.48854,-9.44795,356.7 -40.4884433,-9.4478967,357.8 -40.4883417,-9.4478483,357.6 -40.4882417,-9.4478,357.4 -40.4881867,-9.4477817,358.8 -40.4881317,-9.4477583,359.5 -40.4880367,-9.4477233,359.4 -40.4879,-9.4477233,358.7 -40.487745,-9.447805,357.5 -40.487595,-9.4479417,358.2 -40.4874517,-9.448095,358 -40.487305,-9.4482633,357 -40.4871183,-9.4484517,357.6 -40.4869233,-9.44863,358.2 -40.4867467,-9.448805,357.3 -40.486575,-9.448975,356.6 -40.486405,-9.4491433,357.6 -40.48623,-9.4493067,357.5 -40.4860767,-9.4494767,356.4 -40.4859217,-9.449635,355.7 -40.48577,-9.4497833,354.2 -40.4856183,-9.4499217,353.8 -40.485465,-9.4500717,354.1 -40.4853217,-9.450215,353.8 -40.48517,-9.4503567,354.6 -40.485025,-9.4504967,354.8 -40.4848833,-9.4506367,354.7 -40.48475,-9.450775,354.2 -40.4846217,-9.4509133,356 -40.4844983,-9.4510417,357.1 -40.4843783,-9.4511667,356.4 -40.4842583,-9.4512933,356.7 -40.4841267,-9.4514217,358.1 -40.4839933,-9.4515683,359 -40.4838383,-9.4517133,358.5 -40.48369,-9.4518633,359.2 -40.4835383,-9.4520117,360 -40.48339,-9.45217,358.7 -40.4832333,-9.4523267,359.2 -40.4830783,-9.45248,359.2 -40.48291,-9.4526133,359.4 -40.48273,-9.4527483,361.2 -40.4825483,-9.4528833,360.2 -40.48236,-9.45302,358.1 -40.4821617,-9.4531383,358.4 -40.4819617,-9.4532467,357.9 -40.4817433,-9.4533567,358.2 -40.4815367,-9.4534567,357.7 -40.481335,-9.45353,355.9 -40.48115,-9.4536033,356.7 -40.4809933,-9.45366,357 -40.4808533,-9.453705,358 -40.4807317,-9.45374,358 -40.4806033,-9.4537583,356.9 -40.4804417,-9.4538,357.9 -40.4803017,-9.4538267,358.6 -40.480135,-9.45387,358.8 -40.4799667,-9.4539033,359 -40.4797933,-9.45394,359.9 -40.47959,-9.4539883,360.9 -40.479375,-9.4540317,361.5 -40.47914,-9.4540933,360.9 -40.4788817,-9.4541533,361 -40.4786033,-9.4542183,362.1 -40.4783117,-9.4542883,361.4 -40.47802,-9.45435,361.1 -40.4777183,-9.454415,361.3 -40.4774117,-9.4544917,361.1 -40.4771,-9.4545633,361.6 -40.4768067,-9.4546167,361.7 -40.4765233,-9.454685,361.9 -40.47624,-9.4547483,361.5 -40.47595,-9.4548117,360.3 -40.4756533,-9.4548783,360.6 -40.4753817,-9.454955,357.5 -40.4750983,-9.4550233,354.2 -40.4748117,-9.4550817,354.6 -40.4745367,-9.4551367,353.9 -40.4742583,-9.455195,353.7 -40.4739717,-9.45525,355.1 -40.4736883,-9.45532,355.7 -40.4733867,-9.45538,355.7 -40.4731033,-9.4554417,355.4 -40.4728267,-9.4555067,355.4 -40.4725517,-9.4555617,355.1 -40.472285,-9.4556233,352.7 -40.47201,-9.4556883,355 -40.47174,-9.45575,355.7 -40.4714917,-9.4558033,355.6 -40.4712267,-9.4558583,356.1 -40.4709633,-9.455915,357.7 -40.4707083,-9.4559633,358.3 -40.4704283,-9.4560283,359.5 -40.4701567,-9.4560867,361.1 -40.4699183,-9.45613,361.3 -40.469695,-9.4561783,360.4 -40.4695183,-9.4562217,359.2 -40.4693633,-9.4562767,358.6 -40.4691933,-9.4563067,358.7 -40.4689883,-9.4563483,359.3 -40.4687467,-9.4563917,360.4 -40.4684683,-9.4564517,361.7 -40.46818,-9.4565233,361.3 -40.467865,-9.4565983,360.6 -40.4675317,-9.4566733,361.5 -40.4671917,-9.456745,362 -40.4668433,-9.4568267,362.1 -40.4664917,-9.45691,363.1 -40.4661333,-9.4569783,363 -40.465815,-9.4570617,362.7 -40.4655167,-9.4571333,360.8 -40.4652383,-9.4571933,360.6 -40.4649617,-9.45727,360.6 -40.4646733,-9.4573333,361.1 -40.4643683,-9.457395,362.5 -40.46406,-9.4574583,363.6 -40.4637433,-9.4575233,364.6 -40.463435,-9.4575867,365.4 -40.4631383,-9.4576467,364.6 -40.4628583,-9.4577167,364.3 -40.4625767,-9.4577667,362.8 -40.4623033,-9.4578283,363 -40.4620133,-9.4579033,362.6 -40.461725,-9.4579717,362.4 -40.4614533,-9.4580217,364.5 -40.4612,-9.4580717,365 -40.460935,-9.45813,364.7 -40.4606733,-9.458185,363.5 -40.4604167,-9.4582433,365.3 -40.4601683,-9.4583083,364.5 -40.4599133,-9.4583733,364.6 -40.4596683,-9.4584283,364.6 -40.4594217,-9.4584767,365.5 -40.459165,-9.45854,365.7 -40.4588833,-9.4586,365.2 -40.4585933,-9.45866,366.3 -40.458325,-9.45873,367.2 -40.4580517,-9.4587883,366.8 -40.4577667,-9.4588417,365.9 -40.4574967,-9.458905,366.1 -40.45725,-9.4589583,365.6 -40.457015,-9.4590133,365.3 -40.4567733,-9.45906,365 -40.4565317,-9.45912,365.9 -40.456275,-9.45917,367.7 -40.4560333,-9.459225,369.6 -40.4557883,-9.45928,369.8 -40.4555383,-9.45933,369.3 -40.4552717,-9.4593817,368.9 -40.455005,-9.4594383,369.5 -40.45474,-9.4594933,369.1 -40.4544583,-9.4595483,370 -40.454195,-9.4596083,369.7 -40.4539367,-9.4596633,370 -40.4536767,-9.4597183,369.6 -40.4533967,-9.4597817,369.4 -40.4531,-9.4598517,368.8 -40.452805,-9.4599183,369 -40.452475,-9.4599817,369.4 -40.4521333,-9.4600517,369.2 -40.451755,-9.4601283,368.9 -40.45135,-9.4602133,369.4 -40.45091,-9.4603233,369.6 -40.4504583,-9.4604217,370.1 -40.4499933,-9.4605333,370.8 -40.449515,-9.4606367,371.1 -40.4490383,-9.4607433,371 -40.44857,-9.4608467,371.6 -40.4481,-9.460945,371.5 -40.4476167,-9.4610517,371.1 -40.44714,-9.461155,371.3 -40.4466583,-9.461255,371 -40.4461783,-9.4613583,372.7 -40.4456983,-9.4614583,371.8 -40.44523,-9.4615633,372.1 -40.4447733,-9.46167,372.6 -40.444315,-9.4617667,372.9 -40.4438783,-9.4618667,372.8 -40.44344,-9.46196,373.3 -40.4430083,-9.4620533,373.3 -40.4425683,-9.46215,372.4 -40.4421467,-9.4622483,370.7 -40.441725,-9.46234,371.3 -40.441315,-9.462435,371.7 -40.4409417,-9.46252,370.5 -40.4406367,-9.4625933,371.6 -40.4404183,-9.4626417,371.4 -40.4403,-9.4626683,370.9 -40.4402,-9.462695,370.3 -40.4400633,-9.4627267,370.3 -40.43989,-9.462775,369.6 -40.4396783,-9.4628283,369.2 -40.4394617,-9.46288,369 -40.4393217,-9.462895,368.6 -40.4392417,-9.4629067,369.1 -40.4391183,-9.4629283,369.1 -40.43892,-9.462935,369 -40.4386717,-9.462945,368.3 -40.4383717,-9.46293,368.2 -40.4380567,-9.4628967,365.7 -40.43776,-9.4628233,364.7 -40.4375233,-9.4627617,365 -40.4374117,-9.4627283,364.5 -40.4373267,-9.4627017,363.8 -40.4371933,-9.4626567,363.9 -40.437005,-9.4626033,363.6 -40.43678,-9.4625483,362.7 -40.4365183,-9.4624767,363.5 -40.43622,-9.462395,363 -40.43591,-9.462315,362.2 -40.4355683,-9.46222,361.8 -40.4352117,-9.4621233,361.6 -40.4348367,-9.4620233,362.6 -40.4344467,-9.4619217,362.9 -40.4340333,-9.46181,360.7 -40.4336017,-9.461695,360.4 -40.4331533,-9.4615717,360.4 -40.4326817,-9.4614383,359.7 -40.4321983,-9.461305,359.3 -40.4317067,-9.4611667,359.9 -40.4312117,-9.461025,360.1 -40.4307033,-9.4608967,360.2 -40.430205,-9.4607583,359.9 -40.4297067,-9.4606183,359.3 -40.4292083,-9.4604733,358.9 -40.4286883,-9.4603367,357 -40.4281467,-9.4601917,357.3 -40.42759,-9.460045,356.4 -40.4270183,-9.459885,356.2 -40.4264217,-9.45973,355 -40.4258433,-9.45956,357.2 -40.42527,-9.4594067,357.1 -40.4246767,-9.459255,357.3 -40.4240917,-9.4590917,359 -40.4235017,-9.45893,359.4 -40.4229117,-9.4587733,358.9 -40.4223117,-9.4586233,357.5 -40.4217183,-9.4584633,356.6 -40.4211133,-9.4582983,357.3 -40.4205,-9.458135,356.8 -40.41991,-9.457975,356.9 -40.419365,-9.45783,359.3 -40.4188917,-9.4576983,360.5 -40.418455,-9.457585,361.2 -40.4180617,-9.4574883,361.2 -40.417735,-9.4573983,362.7 -40.4175233,-9.45734,362.2 -40.4173617,-9.4572967,362.4 -40.41717,-9.45724,362.3 -40.416945,-9.4571833,362.5 -40.4167383,-9.4571317,362.3 -40.4166167,-9.4571017,363.2 -40.416485,-9.457065,363.7 -40.4162817,-9.457015,363.8 -40.41604,-9.4569467,364 -40.4157533,-9.4568717,364.1 -40.41544,-9.4567867,364.7 -40.4151,-9.4566983,364.3 -40.4147367,-9.4565917,364.1 -40.4143433,-9.4564817,364 -40.4139267,-9.4563717,363.2 -40.4134867,-9.4562533,363 -40.4130217,-9.45612,364.5 -40.412535,-9.4559833,365 -40.4120233,-9.4558433,364.5 -40.411495,-9.4557,365.3 -40.4109617,-9.4555567,365.9 -40.410435,-9.4554133,366.2 -40.4098933,-9.4552683,367.1 -40.4093467,-9.4551167,368.7 -40.4087883,-9.454965,371.3 -40.4082233,-9.4548167,372.7 -40.4076667,-9.4546583,373.4 -40.4071,-9.4545067,373.3 -40.40653,-9.4543533,372.5 -40.4059483,-9.4542,372.5 -40.405365,-9.4540383,372 -40.4047767,-9.4538767,372.5 -40.4041767,-9.45371,372.4 -40.40357,-9.4535383,371.8 -40.402965,-9.4533667,371.7 -40.402355,-9.4532017,371.1 -40.4017433,-9.4530383,370.8 -40.4011317,-9.452875,370.1 -40.4005283,-9.45271,369.6 -40.3999333,-9.452545,370.5 -40.3993467,-9.4523767,371.5 -40.3987633,-9.4522183,372.2 -40.3981833,-9.4520617,373.4 -40.3976067,-9.4519017,373.8 -40.3970367,-9.451745,374.2 -40.3964733,-9.4515933,373.8 -40.395935,-9.4514467,374.4 -40.3954,-9.4513017,374.7 -40.394875,-9.451155,376.1 -40.394365,-9.45101,376.5 -40.3938583,-9.45088,375.3 -40.3933767,-9.4507583,374.5 -40.39291,-9.4506583,375.1 -40.392465,-9.4506083,376.9 -40.392025,-9.4505983,379.9 -40.3915933,-9.4506283,379.8 -40.3911717,-9.45068,379 -40.3907733,-9.450755,378.6 -40.3903783,-9.4508383,379.7 -40.3899883,-9.45093,380.7 -40.3896117,-9.4510083,381.4 -40.3892633,-9.4510783,382.5 -40.3889517,-9.4511367,383.3 -40.3886833,-9.451195,382.4 -40.388455,-9.451245,381.7 -40.388295,-9.4512817,381 -40.3881967,-9.4513,381 -40.3880683,-9.4513233,381.1 -40.38792,-9.4513533,381.3 -40.3877467,-9.4513917,382.4 -40.3875367,-9.4514383,383.1 -40.3873183,-9.4514867,382.4 -40.3870983,-9.4515317,382.2 -40.3868917,-9.45157,381.1 -40.3866933,-9.4516117,381.3 -40.3865033,-9.451655,382.5 -40.386305,-9.4517,382.1 -40.3860833,-9.4517517,382.2 -40.38586,-9.4517967,382.5 -40.3856783,-9.4518333,383.3 -40.3855483,-9.4518567,383 -40.3854633,-9.45188,383.7 -40.3853367,-9.4519017,383.8 -40.3851983,-9.45193,383.5 -40.38505,-9.4519633,383.1 -40.3848667,-9.4520067,383.2 -40.3847017,-9.4520417,383.4 -40.3845317,-9.45208,382.7 -40.38434,-9.4521233,382.4 -40.384115,-9.4521667,381.3 -40.3838633,-9.4522183,379.2 -40.3835867,-9.4522683,380 -40.383265,-9.4523167,381 -40.38291,-9.4523967,380.3 -40.3825033,-9.4524867,381 -40.382075,-9.4525933,380.7 -40.38163,-9.4527017,380.7 -40.3811617,-9.4528067,381.9 -40.3806883,-9.4529217,381.3 -40.3802083,-9.453025,382.9 -40.3797133,-9.4531317,383.4 -40.3792067,-9.4532417,384.3 -40.3786867,-9.4533567,383.6 -40.3781567,-9.4534767,384.7 -40.37762,-9.4535917,384.5 -40.3770633,-9.45371,383.9 -40.3764983,-9.45384,383.4 -40.3759283,-9.453965,383.1 -40.3753367,-9.4540933,383.2 -40.3747433,-9.4542267,383.4 -40.374135,-9.4543583,382.8 -40.373525,-9.4544933,382.2 -40.3729067,-9.4546333,381.8 -40.3722933,-9.4547667,381.9 -40.3716867,-9.4548983,382.5 -40.3710833,-9.45503,382.4 -40.3705083,-9.4551533,382.4 -40.3699567,-9.455265,382 -40.36941,-9.4553867,382.2 -40.3689083,-9.4554967,383.4 -40.3684033,-9.4555967,383.3 -40.3678833,-9.4557083,382.6 -40.3673417,-9.4558317,381.6 -40.3668,-9.45597,382.2 -40.3662383,-9.4560967,383.5 -40.365665,-9.4562183,382.9 -40.3650883,-9.4563433,383.4 -40.3645267,-9.45647,382.3 -40.3639633,-9.4565883,382.4 -40.36339,-9.45672,381.4 -40.3628317,-9.45685,382.1 -40.3622867,-9.4569683,382.8 -40.3617417,-9.4570867,383.4 -40.3611983,-9.4572017,384 -40.3606483,-9.4573183,384.4 -40.3601033,-9.4574417,383.3 -40.35957,-9.4575617,383.1 -40.3590433,-9.4576767,383.2 -40.35851,-9.457795,384.3 -40.357965,-9.4579117,384.6 -40.357415,-9.45803,383.2 -40.3568467,-9.4581567,382.9 -40.3562767,-9.458285,382.5 -40.3556917,-9.4584133,382.9 -40.3551117,-9.4585383,382.8 -40.3545183,-9.4586717,382.9 -40.3539483,-9.458795,383 -40.35339,-9.4589167,384.1 -40.3528433,-9.4590433,384.9 -40.3522983,-9.4591667,384.6 -40.3517533,-9.4592917,384.7 -40.35122,-9.45941,383.5 -40.3507133,-9.4595183,382.7 -40.3501967,-9.45963,382.7 -40.3497167,-9.4597333,382.2 -40.3492883,-9.4598333,382.6 -40.3489233,-9.4599117,383.3 -40.34863,-9.45998,383 -40.3483933,-9.4600383,383.2 -40.348255,-9.460075,383.4 -40.3481617,-9.460095,383.3 -40.348025,-9.4601217,384.1 -40.3478533,-9.4601667,383.8 -40.3476683,-9.460215,382.9 -40.34751,-9.4602617,382.2 -40.347395,-9.4602883,381.5 -40.3473117,-9.4603067,381.6 -40.3472383,-9.460325,382.2 -40.3471267,-9.4603533,382.3 -40.34695,-9.4603883,382.9 -40.3467283,-9.4604333,383.3 -40.3464583,-9.46049,384.2 -40.3461483,-9.4605567,384.8 -40.3457933,-9.460615,383.6 -40.3454,-9.46069,383.9 -40.3449767,-9.4607833,383.2 -40.3445233,-9.4608867,383.3 -40.344045,-9.460995,384 -40.3435467,-9.4611083,383.3 -40.3430267,-9.4612233,383.2 -40.342505,-9.4613383,383 -40.3419833,-9.4614517,382.6 -40.3414767,-9.4615617,382.8 -40.3409617,-9.4616733,382.6 -40.340445,-9.4617783,382.7 -40.339915,-9.46189,383.4 -40.33937,-9.4620133,382.8 -40.33882,-9.4621367,382.5 -40.33825,-9.4622683,382.1 -40.3376717,-9.4623967,382.4 -40.3371017,-9.4625183,380.5 -40.3365283,-9.4626467,379.7 -40.3359617,-9.462775,378.5 -40.33541,-9.4628967,378.2 -40.3348583,-9.4630183,377.3 -40.3343017,-9.4631383,375.1 -40.333765,-9.4632583,373 -40.3332267,-9.46337,373.3 -40.3327067,-9.46349,373.9 -40.3322067,-9.4635983,375.6 -40.3317,-9.4637067,377 -40.3311817,-9.4638133,378.3 -40.3306583,-9.463915,377.5 -40.3301233,-9.4640267,377.7 -40.3295783,-9.4641417,379.6 -40.3290367,-9.4642567,380.2 -40.328485,-9.4643817,381.6 -40.3279267,-9.46452,381.3 -40.3273733,-9.4646467,381.6 -40.3267967,-9.4647783,381.5 -40.326225,-9.464905,381.2 -40.3256417,-9.4650367,381.2 -40.3250617,-9.4651633,381.3 -40.3244767,-9.46529,382.1 -40.3238933,-9.4654117,382.1 -40.3233117,-9.4655367,382.3 -40.3227167,-9.4656683,381.9 -40.32211,-9.465805,382.3 -40.3215083,-9.465935,382.8 -40.3209067,-9.466065,382.3 -40.3202917,-9.4662,381.7 -40.3196883,-9.46633,381.8 -40.3190917,-9.46646,381.9 -40.3184967,-9.46659,380.1 -40.3179083,-9.4667217,378.9 -40.3173217,-9.4668517,378.4 -40.3167317,-9.4669817,377.5 -40.316125,-9.4671133,378 -40.3155283,-9.4672417,377.1 -40.314925,-9.46737,376.9 -40.3143217,-9.4674967,376.2 -40.3137183,-9.4676317,374.2 -40.3131167,-9.4677683,373.3 -40.3125067,-9.4679033,372.8 -40.3118933,-9.468045,372 -40.3112883,-9.4681733,370.9 -40.3106833,-9.4683083,368.6 -40.31008,-9.468445,366.8 -40.3094617,-9.4685783,367.4 -40.30883,-9.4687217,366.7 -40.308205,-9.4688633,367.1 -40.30757,-9.4690017,367.2 -40.3069433,-9.4691367,368.7 -40.30635,-9.4692683,370.5 -40.30576,-9.4694,371.5 -40.3051633,-9.4695333,371.7 -40.30456,-9.4696667,372.7 -40.3039417,-9.4697933,372.9 -40.3033233,-9.469925,372.8 -40.3026983,-9.4700667,371.9 -40.3020667,-9.47021,371.4 -40.3014217,-9.4703533,370.7 -40.3007767,-9.4704967,370.4 -40.3001367,-9.4706383,370.4 -40.2994967,-9.470775,371.7 -40.2988583,-9.4709167,372.4 -40.2982167,-9.4710567,373.2 -40.297575,-9.4712017,373.7 -40.2969367,-9.4713417,374.2 -40.2963133,-9.4714817,374.2 -40.2957033,-9.4716283,375.7 -40.2951,-9.4717567,376.9 -40.2944967,-9.47189,377.9 -40.2939,-9.4720217,378.3 -40.2933017,-9.4721533,378.9 -40.29271,-9.47228,378.7 -40.2921183,-9.472415,377.9 -40.2915217,-9.4725467,376.3 -40.290915,-9.4726867,374.5 -40.29031,-9.472815,373.3 -40.2896967,-9.4729467,372.5 -40.2890833,-9.4730783,372.2 -40.288475,-9.4732217,372.8 -40.2878567,-9.47336,373.6 -40.2872433,-9.4734883,374 -40.2866267,-9.4736217,374.8 -40.2860267,-9.47376,373.6 -40.2854183,-9.4738917,374.2 -40.2848117,-9.4740217,374.6 -40.2842017,-9.4741533,374.6 -40.2835883,-9.47429,375 -40.282975,-9.4744317,374.8 -40.28238,-9.47457,375.1 -40.2817867,-9.4747083,374.2 -40.2812067,-9.4748333,373.7 -40.2806283,-9.4749517,374 -40.28004,-9.4750817,373.7 -40.2794367,-9.4752183,372 -40.27882,-9.4753517,371 -40.2782,-9.475485,370.5 -40.277575,-9.4756183,369.4 -40.2769417,-9.4757567,368.2 -40.27632,-9.475895,368 -40.2756817,-9.4760367,368.2 -40.27505,-9.4761767,367.8 -40.2744233,-9.476315,366.5 -40.2738017,-9.47645,366.2 -40.273205,-9.4765717,365.5 -40.2726217,-9.4766883,364.6 -40.2720517,-9.4768083,364.7 -40.2714817,-9.476935,364.4 -40.2709067,-9.4770617,364.1 -40.27032,-9.4771933,363.7 -40.2697233,-9.4773267,364.3 -40.2691283,-9.477465,364.3 -40.2685217,-9.4775933,364.6 -40.2679167,-9.4777283,363.8 -40.2672983,-9.4778583,365.5 -40.266675,-9.4779967,365.7 -40.2660533,-9.4781317,364.6 -40.2654333,-9.4782683,364.6 -40.2648083,-9.47841,364.9 -40.2641967,-9.478545,366.8 -40.2636133,-9.4786783,367.9 -40.2630283,-9.478815,368.4 -40.2624433,-9.47894,369.8 -40.2618717,-9.4790633,371.6 -40.2613033,-9.4791917,370.8 -40.2607167,-9.4793183,372 -40.260135,-9.4794417,372.3 -40.2595467,-9.4795733,372.8 -40.2589583,-9.4796983,373.2 -40.2583717,-9.4798317,373.4 -40.2577783,-9.4799633,373.4 -40.2571883,-9.4801,374.7 -40.2566033,-9.4802333,374.6 -40.2560183,-9.4803683,374.5 -40.25542,-9.4805017,374.4 -40.2548233,-9.4806267,374.4 -40.254225,-9.4807533,374.1 -40.2536233,-9.4808867,373.3 -40.2530067,-9.4810317,371.1 -40.2523767,-9.4811717,368.5 -40.2517383,-9.4813183,367.4 -40.2510883,-9.4814617,367.6 -40.2504333,-9.4816067,366.7 -40.2497767,-9.4817583,364.8 -40.2491217,-9.4819017,364 -40.2484817,-9.4820417,364.4 -40.2478517,-9.4821867,363.4 -40.2472317,-9.482325,363.6 -40.2466083,-9.4824633,364.2 -40.2459917,-9.482605,363.9 -40.2453767,-9.482745,365 -40.2447567,-9.48288,367.1 -40.2441417,-9.4830083,367.9 -40.243525,-9.483145,368.6 -40.2429083,-9.48328,370.7 -40.2422983,-9.4834167,371.4 -40.24169,-9.4835533,372.2 -40.2410783,-9.4836883,372.4 -40.24046,-9.4838333,371.8 -40.2398383,-9.48397,371 -40.2392167,-9.4841067,371.8 -40.23859,-9.4842517,371.4 -40.23796,-9.4843917,371.5 -40.2373317,-9.484535,371 -40.2367067,-9.4846767,370.3 -40.2360817,-9.4848117,369.7 -40.23545,-9.484955,369.1 -40.23481,-9.485105,367.9 -40.23417,-9.4852467,368.1 -40.23353,-9.4853867,368.1 -40.2328883,-9.485525,367.2 -40.2322467,-9.4856667,366.6 -40.2316017,-9.4858083,366.2 -40.23096,-9.485955,364.7 -40.2303117,-9.486095,364.7 -40.22966,-9.48624,365.4 -40.229015,-9.48638,365.8 -40.2283683,-9.4865233,366.1 -40.227725,-9.4866733,365.9 -40.2270783,-9.4868133,366 -40.2264367,-9.486955,366.7 -40.2258017,-9.4870967,368.7 -40.2251967,-9.48723,369.6 -40.2246067,-9.4873667,367.9 -40.22401,-9.4875,367.7 -40.22341,-9.4876367,368 -40.2228117,-9.4877733,366.5 -40.2222117,-9.4879067,366 -40.2216233,-9.488035,366.6 -40.2210667,-9.488155,367.5 -40.2205283,-9.4882683,368.3 -40.2200117,-9.4883733,370 -40.21949,-9.48844,369.1 -40.21898,-9.4884433,368.5 -40.2184933,-9.488385,368.9 -40.2180033,-9.488305,366.7 -40.21749,-9.488255,365.3 -40.21697,-9.48827,362.6 -40.216425,-9.4883583,362 -40.2158667,-9.4885033,363.4 -40.215325,-9.4886533,363.5 -40.2147617,-9.4888083,365.1 -40.21421,-9.4889633,365.8 -40.2136633,-9.4891133,366.5 -40.2131283,-9.4892517,366.5 -40.2125917,-9.4893983,366.5 -40.2120467,-9.489545,367.3 -40.2114933,-9.4896983,366.3 -40.21092,-9.489855,365.4 -40.210345,-9.49001,366.9 -40.209785,-9.4901617,367.4 -40.2092367,-9.4903083,366.6 -40.2087067,-9.4904467,368.3 -40.208185,-9.4905933,366.8 -40.2076667,-9.4907333,367.1 -40.2071783,-9.49087,365.7 -40.2067317,-9.491025,365.3 -40.2063967,-9.4911683,363 -40.2061867,-9.491255,361.4 -40.2060917,-9.49129,361.9 -40.2059967,-9.4913167,362.6 -40.205845,-9.4913683,363.3 -40.2056617,-9.49144,364.3 -40.2054333,-9.49153,365.1 -40.2051783,-9.491635,365.2 -40.2048917,-9.4917517,365.7 -40.2045867,-9.4918717,365.4 -40.204265,-9.4919967,365.6 -40.2039333,-9.4921233,365.1 -40.2036267,-9.4922383,365 -40.2033883,-9.4923317,363.8 -40.2032683,-9.4923783,363.7 -40.2031833,-9.4924083,364.2 -40.203035,-9.4924617,364.8 -40.2028367,-9.4925383,364.3 -40.2026017,-9.4926283,365.6 -40.202315,-9.4927333,365.3 -40.2019933,-9.4928617,365.5 -40.20164,-9.4929967,365.3 -40.201265,-9.4931483,365.3 -40.2008633,-9.493305,365.2 -40.2004367,-9.4934683,366.3 -40.1999867,-9.4936367,366.9 -40.1995117,-9.4938083,366.8 -40.1990167,-9.4940067,366.4 -40.1985217,-9.4942083,365.8 -40.1980217,-9.4943933,366.4 -40.1975133,-9.4945867,366.3 -40.1970017,-9.4947867,366.1 -40.1964783,-9.494985,367.2 -40.195945,-9.4951967,367.1 -40.1954083,-9.4954067,367.7 -40.19486,-9.4956133,368 -40.1943067,-9.4958333,368.4 -40.1937417,-9.4960517,368.6 -40.193175,-9.49627,368.5 -40.192605,-9.49649,368.3 -40.1920367,-9.496715,369.2 -40.1914883,-9.4969283,369.4 -40.1909617,-9.49713,368.9 -40.1904533,-9.4973267,370.3 -40.1899683,-9.4975183,370.9 -40.1895167,-9.4976883,372 -40.1890783,-9.4978583,373.3 -40.1886583,-9.4980167,373.8 -40.1882167,-9.4981717,373.5 -40.18776,-9.4983433,373.4 -40.1872933,-9.4985317,375.6 -40.1868267,-9.4987383,376.9 -40.1863417,-9.4989367,377.2 -40.1858417,-9.49913,376.5 -40.1853483,-9.4993267,376.3 -40.184865,-9.4995133,376.4 -40.1843967,-9.4997033,375.9 -40.1839233,-9.4998917,375.5 -40.183465,-9.5000717,375.5 -40.1829917,-9.5002483,374.9 -40.1825083,-9.5004133,375.7 -40.18202,-9.5006133,377.4 -40.1815167,-9.50083,377.9 -40.1810133,-9.501045,377.5 -40.1804983,-9.5012467,378.1 -40.1799883,-9.50145,379.5 -40.1794583,-9.5016633,380.1 -40.178925,-9.5018717,379.9 -40.1783817,-9.5020817,380 -40.1778283,-9.5023017,380.3 -40.1772717,-9.5025217,381.5 -40.176715,-9.50274,383 -40.176145,-9.502965,383.1 -40.17558,-9.5031867,383 -40.1750017,-9.5034167,384.3 -40.1744283,-9.50364,385.4 -40.1738533,-9.5038667,385.9 -40.17327,-9.5041017,387.2 -40.1726883,-9.504335,386.6 -40.1721067,-9.5045683,388.4 -40.1715517,-9.504785,388.3 -40.1709933,-9.505,389.1 -40.170435,-9.5052217,390.6 -40.1698717,-9.505445,391 -40.169305,-9.5056667,391.3 -40.1687383,-9.5058833,391.6 -40.1681567,-9.5061233,391.3 -40.1675783,-9.5063583,392 -40.1670067,-9.5065867,392.4 -40.1664483,-9.5068083,392.8 -40.16589,-9.5070267,393.4 -40.1653167,-9.5072383,393.4 -40.16474,-9.5074567,392.4 -40.1641583,-9.5076783,390.9 -40.1635717,-9.5079,390.6 -40.1629817,-9.5081317,389.5 -40.16239,-9.50836,387.7 -40.16179,-9.508585,386.7 -40.1611933,-9.5088133,385.7 -40.1605967,-9.5090417,384.5 -40.1600067,-9.50927,383 -40.159415,-9.5095083,382.5 -40.1588333,-9.5097467,381.2 -40.1582383,-9.5099783,378.3 -40.1576433,-9.5102133,376.6 -40.15706,-9.5104383,376.2 -40.1564933,-9.510665,376.8 -40.1559683,-9.5108717,378.7 -40.15549,-9.51106,380.1 -40.1550533,-9.51123,380.6 -40.1547033,-9.5113633,381.3 -40.1544967,-9.51145,381.5 -40.1544067,-9.51148,382 -40.1543283,-9.5115083,382 -40.15419,-9.5115583,382.6 -40.1540083,-9.5116267,383.5 -40.1537967,-9.511705,384.4 -40.1535533,-9.5117967,384.4 -40.15328,-9.5119017,385.6 -40.152985,-9.5119867,387.6 -40.152685,-9.51206,388.3 -40.152445,-9.5121017,388.2 -40.1523217,-9.51212,389.4 -40.152215,-9.51214,390.2 -40.1520367,-9.5121633,390.1 -40.1518167,-9.5121933,391.9 -40.1515483,-9.512225,393.4 -40.15124,-9.5122683,393.4 -40.1508883,-9.5123217,392.9 -40.1505133,-9.51237,392.7 -40.15012,-9.5124267,393.3 -40.1497067,-9.5124833,394.1 -40.14928,-9.5125383,394.8 -40.1488283,-9.512595,395.3 -40.148355,-9.51266,394.8 -40.1478533,-9.5127383,394 -40.14733,-9.5128183,392.8 -40.1468017,-9.5128833,391.3 -40.1462567,-9.512955,391 -40.1456867,-9.513025,391.6 -40.1451117,-9.51311,392.3 -40.144515,-9.51319,392.1 -40.1439183,-9.5132783,392.8 -40.1433617,-9.51336,391.7 -40.142815,-9.513435,391.3 -40.1422767,-9.5135117,390.8 -40.14173,-9.51359,390.3 -40.141165,-9.5136733,390.8 -40.140605,-9.5137517,391 -40.1400267,-9.5138267,392.4 -40.1394517,-9.5138983,394 -40.1388667,-9.51398,394.6 -40.1382833,-9.5140617,395.2 -40.1376833,-9.51414,396.9 -40.13709,-9.514225,397.7 -40.1364983,-9.514305,398.5 -40.1359033,-9.5143933,397.6 -40.1352967,-9.5144817,397.5 -40.1346833,-9.5145667,397.4 -40.1340533,-9.5146617,397.8 -40.133445,-9.5147417,400.5 -40.1328367,-9.5148233,403.2 -40.1322233,-9.51491,405.9 -40.1316083,-9.5149967,406.6 -40.13099,-9.5150817,407.6 -40.130375,-9.5151683,408.9 -40.1297583,-9.5152567,409 -40.1291383,-9.51534,409.7 -40.1285217,-9.5154233,411.5 -40.1278967,-9.5155133,412.1 -40.1272667,-9.5156017,414.6 -40.1266433,-9.51569,417 -40.1260417,-9.5157767,422 -40.1254667,-9.51586,424.9 -40.1249233,-9.515935,428.3 -40.1243883,-9.516005,429.3 -40.1238917,-9.5161033,429.4 -40.1233933,-9.5162367,431.2 -40.1229133,-9.5164133,430.2 -40.1224233,-9.5166267,429.4 -40.1219167,-9.5168533,429 -40.1213917,-9.5170833,428.5 -40.1208583,-9.5173133,426.7 -40.12031,-9.5175533,425.3 -40.1197567,-9.517795,423.3 -40.1191967,-9.5180417,421.5 -40.11862,-9.51829,419.7 -40.1180267,-9.5185467,418.8 -40.1174283,-9.5188083,418.1 -40.1168267,-9.5190617,416.2 -40.1162333,-9.51932,415.6 -40.1156483,-9.51957,414.2 -40.1150583,-9.5198217,413.6 -40.1144633,-9.520075,412.3 -40.1138667,-9.52034,411.1 -40.11327,-9.5206033,409.7 -40.1126817,-9.5208567,409 -40.1121033,-9.5211017,410.7 -40.1115467,-9.5213433,412.1 -40.1109883,-9.5215833,412.9 -40.1104367,-9.52182,413.4 -40.1098833,-9.5220567,413.3 -40.1093233,-9.5222917,414 -40.1087567,-9.522545,412.4 -40.1081783,-9.5227967,411.8 -40.1075967,-9.523055,410.8 -40.1070133,-9.5233083,410.7 -40.106415,-9.523565,410.8 -40.1058233,-9.52382,411.9 -40.1052383,-9.5240717,412.8 -40.104655,-9.52432,415.3 -40.104085,-9.5245733,417.2 -40.1035283,-9.524815,417.5 -40.102965,-9.52506,417 -40.1023867,-9.5253083,415.6 -40.1018017,-9.5255683,416.2 -40.1012133,-9.525815,416 -40.100625,-9.526075,415.5 -40.1000617,-9.5263167,416.1 -40.099495,-9.52651,416.2 -40.0989267,-9.5266183,415.8 -40.098335,-9.526645,417.2 -40.0977317,-9.5266167,418 -40.0971367,-9.5265783,419.5 -40.0965383,-9.5265433,419.6 -40.0959383,-9.5265117,423.4 -40.0953433,-9.5264733,428 -40.0947567,-9.526435,431.4 -40.0941767,-9.5264017,432.6 -40.0935917,-9.5263717,433.9 -40.093,-9.5263483,435.1 -40.092405,-9.52631,433.1 -40.0917867,-9.526275,429.7 -40.0911633,-9.5262367,427.9 -40.0905483,-9.52621,424.9 -40.08994,-9.526195,424.4 -40.0893467,-9.526225,422.8 -40.0887617,-9.5262833,421 -40.0882233,-9.5263317,419.4 -40.0877383,-9.5263783,418.8 -40.0873133,-9.5264167,418.2 -40.0869433,-9.5264567,418.6 -40.0866617,-9.52648,418.3 -40.0864833,-9.526495,418 -40.0863817,-9.526495,417.9 -40.0862217,-9.5265133,417.8 -40.086,-9.5265283,417.9 -40.085745,-9.5265583,418.9 -40.0854633,-9.5265783,419.3 -40.08516,-9.526605,419.3 -40.0848433,-9.5266367,418.1 -40.0845417,-9.5266717,418.1 -40.08434,-9.526685,417.1 -40.0842433,-9.526695,416.7 -40.0841067,-9.526705,416.3 -40.0839,-9.5267183,414.8 -40.0836417,-9.5267383,414 -40.0833333,-9.5267617,414 -40.0829783,-9.5268017,414.2 -40.08258,-9.526835,415.1 -40.0821583,-9.5268683,415.9 -40.0817133,-9.5269083,418.1 -40.08126,-9.5269467,419.4 -40.0807783,-9.5269833,420.3 -40.0802833,-9.5270317,420.8 -40.0797717,-9.527085,418.5 -40.079235,-9.52714,416.5 -40.0786683,-9.527195,414.3 -40.0780933,-9.5272417,412 -40.077505,-9.52729,410.5 -40.0768933,-9.5273383,410.7 -40.07627,-9.52739,411.5 -40.0756517,-9.52745,413 -40.075035,-9.5275067,414.1 -40.0744117,-9.5275533,415.8 -40.0737783,-9.5276133,415.7 -40.073145,-9.5276683,415.3 -40.07251,-9.5277283,415.1 -40.0718667,-9.527785,413.6 -40.0712133,-9.52785,412.2 -40.07055,-9.52791,410.7 -40.0698817,-9.52797,410 -40.0691967,-9.5280333,408.5 -40.06852,-9.5280917,407.3 -40.0678367,-9.5281517,407.8 -40.0671533,-9.5282083,409.5 -40.0664717,-9.5282633,411.5 -40.065805,-9.5283233,413.4 -40.0651317,-9.5283883,414.1 -40.0644683,-9.528445,415 -40.0638083,-9.528505,413.9 -40.0631467,-9.528565,414.6 -40.0624917,-9.5286183,415.7 -40.061835,-9.5286767,416.3 -40.0611817,-9.5287367,416.7 -40.0605267,-9.5287967,418.9 -40.05988,-9.528855,420.4 -40.0592267,-9.5289133,421.1 -40.0585717,-9.52898,420.6 -40.0579267,-9.529035,421.2 -40.0572967,-9.5290833,422.6 -40.05667,-9.52914,422.1 -40.0560367,-9.5291983,422.7 -40.0554,-9.5292533,423.6 -40.0547633,-9.5293067,423.2 -40.0541083,-9.5293683,422.9 -40.0534467,-9.52943,422.9 -40.052775,-9.5294883,422.5 -40.0520983,-9.5295433,423.9 -40.05143,-9.5296,424.8 -40.0507533,-9.5296617,426 -40.0500883,-9.529725,425.8 -40.0494133,-9.5297933,425.3 -40.04874,-9.529855,426 -40.04807,-9.5299133,428.3 -40.047405,-9.5299683,431.1 -40.0467617,-9.5300317,430.6 -40.046115,-9.53009,431.3 -40.0454633,-9.5301367,433.5 -40.0448233,-9.530185,434.6 -40.0441883,-9.5302383,435.5 -40.0435667,-9.5302983,437 -40.0429467,-9.5303533,436.5 -40.0423333,-9.530415,435.4 -40.041725,-9.5304717,433.8 -40.041125,-9.5305217,431.8 -40.0405217,-9.5305767,429.8 -40.0399183,-9.5306283,427.9 -40.0393283,-9.530685,427.1 -40.0387533,-9.5307383,425.4 -40.0382,-9.53078,427.6 -40.0376633,-9.5308317,427.6 -40.03717,-9.5308783,427.2 -40.0366983,-9.5309167,429 -40.0362583,-9.530955,429.9 -40.035815,-9.5309883,432 -40.03537,-9.53103,432.6 -40.0349383,-9.5310733,430 -40.0344983,-9.5311083,431.3 -40.034055,-9.5311433,431.6 -40.0335983,-9.5311817,430.9 -40.0330967,-9.531205,428.6 -40.0325583,-9.5312517,427.4 -40.0320167,-9.5313033,425.6 -40.0314583,-9.5313683,421.7 -40.0308817,-9.53143,420 -40.030275,-9.5314983,419.6 -40.0296717,-9.531555,421.1 -40.0290633,-9.5316083,422.5 -40.0284417,-9.5316483,425.4 -40.0278267,-9.5317033,426.4 -40.0272117,-9.5317583,428.5 -40.0265917,-9.53182,428.8 -40.0259667,-9.531875,428.7 -40.02535,-9.53193,428.4 -40.0247233,-9.531985,429.2 -40.0240833,-9.5320483,428.2 -40.0234533,-9.5321017,426 -40.022795,-9.532165,424.3 -40.022135,-9.532225,424.8 -40.0214833,-9.5322783,426 -40.0208433,-9.5323417,428.3 -40.02019,-9.532395,430.4 -40.0195417,-9.532455,432.8 -40.0189017,-9.5325083,433.4 -40.0182717,-9.5325617,434.2 -40.01764,-9.5326133,435.7 -40.0170067,-9.5326717,435.4 -40.0163783,-9.532735,436.6 -40.01576,-9.5327883,437 -40.0151367,-9.53284,438.5 -40.0145183,-9.532895,439.6 -40.01391,-9.5329483,440 -40.013295,-9.5330083,440.3 -40.012675,-9.5330633,440 -40.0120483,-9.5331183,440.7 -40.0114083,-9.5331833,443 -40.0107833,-9.5332383,444.5 -40.0101567,-9.53329,445.1 -40.00952,-9.5333417,448.6 -40.008885,-9.5334,449.4 -40.008265,-9.5334583,449.2 -40.0076417,-9.5335183,452.2 -40.0070217,-9.53358,455.1 -40.0064233,-9.5336333,457.2 -40.00586,-9.5336833,457.8 -40.00531,-9.5337917,460.8 -40.0048117,-9.5339717,462.7 -40.0043283,-9.53422,465.8 -40.003855,-9.5344583,468 -40.00338,-9.534705,468.6 -40.0028983,-9.5349533,467.9 -40.0023967,-9.5352117,466.6 -40.0018817,-9.5354733,466 -40.001355,-9.5357483,465.1 -40.0008133,-9.5360267,462.8 -40.0002517,-9.5363083,460 -39.9996817,-9.5365967,460.1 -39.999105,-9.5368867,461.3 -39.998535,-9.53718,460.1 -39.9979633,-9.5374733,459.1 -39.99739,-9.5377717,459.3 -39.9968133,-9.5380617,460.3 -39.9962583,-9.5383483,459.8 -39.9957,-9.538635,459.9 -39.995135,-9.5389167,458.1 -39.9945617,-9.5392133,456.7 -39.9939683,-9.53952,454.6 -39.99338,-9.539825,452.5 -39.9927717,-9.5401267,451.6 -39.9921667,-9.5404383,449.7 -39.99157,-9.540745,448.9 -39.99097,-9.5410483,446.6 -39.990365,-9.54136,444.8 -39.98977,-9.54167,442.1 -39.9891733,-9.5419767,441.8 -39.9885767,-9.5422883,440.4 -39.9879733,-9.5426,440.1 -39.9874,-9.5428983,439.5 -39.9868417,-9.5431867,438.7 -39.9862883,-9.54347,438.2 -39.9857267,-9.54374,438.4 -39.9851517,-9.54401,437.3 -39.9845533,-9.544255,437 -39.9839483,-9.5444933,435.3 -39.9833267,-9.5447267,433.8 -39.9827,-9.54495,433 -39.9820683,-9.54518,430.8 -39.98144,-9.5454083,428.8 -39.9808083,-9.545635,427.4 -39.980175,-9.5458633,425.7 -39.9795433,-9.5461017,424.4 -39.9789183,-9.5463333,425 -39.9782917,-9.5465533,426.4 -39.977665,-9.54677,426.9 -39.97704,-9.547,427.7 -39.9764117,-9.5472317,427.7 -39.97579,-9.54746,427.3 -39.9751683,-9.5476867,427.4 -39.9745417,-9.5479117,428.1 -39.9739183,-9.5481433,428.5 -39.9732967,-9.5483767,428.5 -39.972685,-9.5486017,428.9 -39.9720617,-9.5488233,429 -39.9714433,-9.5490433,430 -39.97083,-9.5492683,430.8 -39.9702083,-9.549495,431.7 -39.9695917,-9.5497217,433.1 -39.9689733,-9.54994,432.9 -39.9683533,-9.5501667,433.9 -39.9677383,-9.5503983,435.4 -39.9671383,-9.5506167,436.7 -39.9665417,-9.5508317,436.9 -39.96596,-9.55105,436.8 -39.9653783,-9.551265,437.5 -39.9647933,-9.5514783,438.4 -39.9642083,-9.5516883,437.7 -39.96362,-9.551905,437.4 -39.9630317,-9.5521217,436.8 -39.9624417,-9.5523433,437.3 -39.9618633,-9.5525533,437.2 -39.9613033,-9.5527567,437.6 -39.96077,-9.5529517,437.5 -39.9602267,-9.553145,437.8 -39.959675,-9.5533367,437.9 -39.9591133,-9.5535433,437.8 -39.9585483,-9.5537517,439 -39.9579717,-9.5539567,440.6 -39.9574,-9.5541633,442.2 -39.9568267,-9.554375,442.2 -39.9562483,-9.5545883,442.1 -39.9556683,-9.5548017,441.7 -39.9550867,-9.5550083,442.3 -39.9545067,-9.5552183,443 -39.9539133,-9.5554367,442.4 -39.9533217,-9.5556567,440.9 -39.9527417,-9.5558683,439.6 -39.952155,-9.5560833,437.9 -39.9515567,-9.5563067,437.3 -39.9509717,-9.5565183,437.9 -39.9503783,-9.55673,438.8 -39.9497833,-9.5569483,439.2 -39.9491767,-9.5571683,439.2 -39.9485667,-9.5573917,440.6 -39.94796,-9.5576133,441 -39.9473433,-9.5578367,442.3 -39.946725,-9.5580617,441.8 -39.9461033,-9.5582817,441.2 -39.945495,-9.558505,441.7 -39.9449033,-9.5587117,442.6 -39.9443533,-9.55892,443.8 -39.9438283,-9.559125,444 -39.9433233,-9.5593083,444.3 -39.9428783,-9.5594733,445 -39.9424283,-9.5596333,444.5 -39.9419683,-9.5597883,444.3 -39.9415017,-9.55995,441.5 -39.940995,-9.5601067,439.6 -39.9404667,-9.5602933,437.6 -39.939915,-9.56049,434.9 -39.9393433,-9.56069,434.9 -39.9388083,-9.560885,435.2 -39.9383217,-9.5610983,435.3 -39.9378583,-9.5612717,434.9 -39.9374317,-9.5614333,435.6 -39.937025,-9.5615883,438 -39.9366417,-9.5617233,437.3 -39.9362617,-9.56186,439.3 -39.93589,-9.562,439.9 -39.93552,-9.562135,439.8 -39.93512,-9.56228,440.4 -39.9346883,-9.5624067,437.5 -39.93422,-9.56257,433.6 -39.9337267,-9.5627617,429.9 -39.933225,-9.562955,426.4 -39.9327033,-9.563155,425 -39.9321667,-9.563365,426 -39.9316133,-9.563565,426.2 -39.9310533,-9.5637667,427 -39.9304917,-9.5639833,427.4 -39.929925,-9.5641883,426.5 -39.9293267,-9.56441,424.1 -39.92873,-9.564625,422.2 -39.9281417,-9.5648533,418.7 -39.9275517,-9.5650733,416.8 -39.926965,-9.5652817,416.8 -39.9263867,-9.56549,416.3 -39.9258517,-9.5656983,418.3 -39.92535,-9.565885,421.6 -39.9248917,-9.56605,422.8 -39.9244233,-9.5662233,424.3 -39.9239517,-9.5664,423.6 -39.9234767,-9.5665767,422.4 -39.923015,-9.56675,421.5 -39.9225733,-9.566905,421.1 -39.9221833,-9.5670433,421.2 -39.9218233,-9.5671783,420.3 -39.9215583,-9.56727,420.3 -39.921425,-9.5672917,420 -39.9213483,-9.5672383,419.2 -39.9213333,-9.56711,417.6 -39.9213683,-9.5669417,416.8 -39.921435,-9.566755,416.5 -39.9215067,-9.5665717,417.6 -39.9215967,-9.5664233,419 -39.9216983,-9.5662367,419.2 -39.921825,-9.5660133,419.3 -39.9219717,-9.5657483,417.1 -39.9221233,-9.5654667,416.7 -39.92228,-9.565165,416.1 -39.92245,-9.5648367,415.7 -39.9226233,-9.564505,415.9 -39.9228017,-9.5641617,416.7 -39.9229817,-9.5638083,417.8 -39.9231667,-9.5634517,418.2 -39.9233533,-9.5630917,417.7 -39.9235467,-9.5627367,417.2 -39.9237467,-9.5623717,413.2 -39.9239483,-9.561985,411.4 -39.9241417,-9.5616067,410.4 -39.9243167,-9.5612417,412.2 -39.9244967,-9.56089,413.8 -39.9246767,-9.5605417,412.9 -39.9248533,-9.5602017,412.1 -39.9250283,-9.55986,410.6 -39.9251967,-9.5595367,408.2 -39.9253417,-9.559215,406.9 -39.9254183,-9.55888,407.2 -39.9254067,-9.5585117,409.1 -39.925375,-9.5581533,411 -39.925345,-9.5578,412.3 -39.925315,-9.5574617,412.3 -39.9252933,-9.5571867,412.2 -39.9252767,-9.5568983,413 -39.9252483,-9.5566017,414.3 -39.9252233,-9.5562817,415.3 -39.925195,-9.5559417,417.4 -39.9251667,-9.5555817,417.3 -39.9251217,-9.5552133,417.4 -39.9250783,-9.5548183,415.8 -39.9250233,-9.554415,415.5 -39.9249533,-9.5540033,415.3 -39.9248817,-9.5536017,415.6 -39.9248233,-9.5532067,417.9 -39.9248017,-9.5528367,415.8 -39.9248533,-9.55247,413.7 -39.924965,-9.5521083,413.9 -39.9251483,-9.55175,415.1 -39.92536,-9.5513867,417.1 -39.92557,-9.55103,419.4 -39.9257633,-9.5506767,418.5 -39.925965,-9.5502983,417.3 -39.9261667,-9.5499133,417.9 -39.9263633,-9.5495283,417.5 -39.9265567,-9.5491367,416.6 -39.92674,-9.5487083,414.4 -39.926905,-9.5482483,412.3 -39.9270533,-9.5477667,413.6 -39.9271983,-9.5472967,414 -39.9273417,-9.54685,412.7 -39.92748,-9.546435,411.7 -39.9276067,-9.546015,411.6 -39.927705,-9.5455933,409.8 -39.9277567,-9.54516,409.5 -39.9277517,-9.54473,409.6 -39.9277317,-9.5442767,406.7 -39.9276633,-9.5438383,406.2 -39.927565,-9.5433917,406.4 -39.9274433,-9.54295,407 -39.9273217,-9.54253,408.3 -39.9272017,-9.5421383,411.4 -39.92709,-9.5417467,414 -39.9269733,-9.5413533,414.2 -39.9268633,-9.540945,414.9 -39.9267517,-9.54054,415.9 -39.9266467,-9.5401383,416.8 -39.9265367,-9.5397517,418 -39.9264283,-9.5393567,417.8 -39.92632,-9.5389683,418.5 -39.926205,-9.538585,420 -39.9261033,-9.5381967,420.3 -39.926,-9.537805,420.6 -39.9258917,-9.5374,421.3 -39.9257867,-9.5369967,421.7 -39.9256683,-9.5365883,422.4 -39.9255483,-9.5361767,422.5 -39.92544,-9.5357533,422.3 -39.9253283,-9.53533,421.9 -39.9252133,-9.5349017,422 -39.9250967,-9.5344767,422.7 -39.9249783,-9.534045,422.7 -39.9248617,-9.5336133,422.3 -39.924745,-9.533185,422.4 -39.9246333,-9.53276,422.2 -39.92452,-9.532335,421.9 -39.9244083,-9.53191,421 -39.9242917,-9.5314933,421 -39.9241717,-9.5310817,420.7 -39.9240583,-9.530665,421.5 -39.9239433,-9.5302417,421.2 -39.9238267,-9.52982,420.9 -39.923715,-9.5293733,420.8 -39.9235933,-9.5289033,420.6 -39.9234667,-9.5284267,421.1 -39.9233367,-9.527945,421.3 -39.9232117,-9.5274533,419.6 -39.9230783,-9.5269617,419.1 -39.9229467,-9.5264533,419.3 -39.9228133,-9.5259433,419.3 -39.9226717,-9.5254233,418.7 -39.9225367,-9.5249133,418.3 -39.9223983,-9.524415,417.9 -39.9222483,-9.5239167,417.5 -39.9221117,-9.5234083,416.7 -39.92198,-9.5228967,417.2 -39.9218417,-9.52239,417.1 -39.921705,-9.5218883,416.8 -39.9215683,-9.521385,415.5 -39.9214417,-9.5208833,414.1 -39.9213167,-9.520355,413.5 -39.921215,-9.519835,412.6 -39.9211333,-9.5193167,412.1 -39.9210383,-9.5187983,411.7 -39.9209033,-9.51827,411.8 -39.9207467,-9.5177433,411.2 -39.920575,-9.51725,412.4 -39.9204,-9.51677,411.6 -39.920235,-9.516275,412 -39.9200967,-9.5157817,412 -39.9199817,-9.5153217,411.8 -39.9198767,-9.5148617,410.9 -39.9197717,-9.5143867,410.7 -39.9196533,-9.51389,411 -39.91953,-9.5133833,411 -39.9194033,-9.512875,408.8 -39.9192617,-9.512375,408.4 -39.919115,-9.5118833,407 -39.918975,-9.5113767,406.1 -39.9188333,-9.5108667,404.9 -39.918675,-9.51036,404.4 -39.9185167,-9.5098583,405.7 -39.9183683,-9.5093633,406.7 -39.91823,-9.5088667,405.3 -39.9180933,-9.5083717,403.2 -39.9179567,-9.5078717,401.8 -39.91781,-9.5073783,402 -39.9176733,-9.5068867,402.7 -39.9175367,-9.506405,403.8 -39.9173983,-9.5059283,403.6 -39.9172567,-9.5054717,404.2 -39.9171417,-9.5050633,402.9 -39.91704,-9.5046733,400.8 -39.916915,-9.50427,402.4 -39.9167867,-9.5038533,405.2 -39.9166567,-9.5034383,405.2 -39.9165233,-9.5030333,404.9 -39.9164067,-9.502615,404.3 -39.9162867,-9.502185,402.8 -39.9161783,-9.501705,399.2 -39.9160717,-9.5012033,397.3 -39.91595,-9.5007033,398.5 -39.915805,-9.5002167,400.3 -39.915645,-9.49975,401.5 -39.91548,-9.4993017,402.9 -39.915335,-9.4988933,404 -39.915255,-9.49851,404.7 -39.9152517,-9.4981233,405.7 -39.9153333,-9.4977283,405.2 -39.91544,-9.4973167,404.6 -39.9155317,-9.496895,403.5 -39.9155783,-9.496465,404 -39.9155417,-9.4960533,405.4 -39.9155,-9.4957533,406.1 -39.9154833,-9.49551,405.9 -39.9154583,-9.495225,405.2 -39.9154383,-9.4948983,405.1 -39.915415,-9.49454,404.5 -39.9153833,-9.49415,402.3 -39.91534,-9.4937267,401.1 -39.9153133,-9.49328,399.7 -39.9152833,-9.4928217,399.5 -39.9152567,-9.4923467,398.9 -39.9152267,-9.491885,398.6 -39.9151983,-9.4914183,399.4 -39.9151683,-9.4909567,397.9 -39.9151533,-9.4904767,396 -39.915135,-9.4899817,395.9 -39.9151083,-9.489505,397.9 -39.91509,-9.4890383,400 -39.91508,-9.488555,402.7 -39.915085,-9.488055,403.2 -39.9151083,-9.4875417,402.7 -39.9151283,-9.487015,401.9 -39.9151533,-9.4864833,400.8 -39.9151667,-9.4859533,400.2 -39.9151717,-9.4854333,402.7 -39.9151733,-9.48493,403.9 -39.91518,-9.4844367,403.8 -39.9151817,-9.483955,404.8 -39.9151917,-9.4834817,404.9 -39.9152033,-9.4830033,404.5 -39.9152067,-9.4825183,405.3 -39.9152067,-9.4820533,404.3 -39.9152,-9.4816283,403.6 -39.9152,-9.4811883,403.3 -39.9151967,-9.4807333,404.5 -39.9152033,-9.4802567,403.8 -39.9152167,-9.4797717,404.8 -39.9152267,-9.4792767,405.3 -39.915245,-9.47879,405.5 -39.9152583,-9.4783267,403.7 -39.9152583,-9.4778567,401.6 -39.915265,-9.477385,402.1 -39.9152667,-9.4769317,402.1 -39.915275,-9.4764833,399.7 -39.915295,-9.476045,398.9 -39.9153,-9.475595,397.6 -39.9153183,-9.4751517,395.9 -39.915325,-9.4747167,395.8 -39.9153333,-9.4743183,395.9 -39.9153283,-9.4739383,396 -39.915315,-9.4735717,395 -39.9153017,-9.47318,393.8 -39.9153183,-9.47277,391.7 -39.915345,-9.472335,390 -39.9153867,-9.4718867,389.4 -39.9154083,-9.4714333,390.6 -39.9154367,-9.4709883,390.3 -39.9154833,-9.4705383,392.4 -39.915545,-9.470085,394.2 -39.9156017,-9.46963,394.5 -39.9156317,-9.469165,394.6 -39.91565,-9.46869,393.2 -39.915655,-9.4682167,392.5 -39.9156583,-9.4677333,391.5 -39.9156467,-9.467255,390.6 -39.915625,-9.46678,389.6 -39.9156,-9.4663117,389.2 -39.91558,-9.46585,389.6 -39.9155567,-9.4653917,388.2 -39.915525,-9.4649283,388.1 -39.9154967,-9.4644717,387.9 -39.915475,-9.46401,386.5 -39.9154567,-9.463555,388 -39.9154367,-9.463095,387.5 -39.91542,-9.46263,385.8 -39.9153967,-9.462165,383 -39.91537,-9.46169,382.2 -39.915335,-9.46122,383 -39.9152933,-9.46074,383.1 -39.9152533,-9.4602533,382.4 -39.9152133,-9.4597667,381.2 -39.91518,-9.4592767,381.6 -39.91516,-9.4587633,382 -39.9151433,-9.45825,382.8 -39.9151367,-9.457745,384.8 -39.9151283,-9.4572383,386.8 -39.9151133,-9.45674,388.5 -39.9151,-9.4562317,388.2 -39.9150733,-9.4557083,387.7 -39.9150567,-9.4552,387.4 -39.9150367,-9.4547167,388.9 -39.91502,-9.454245,391 -39.915005,-9.453765,393.2 -39.9149883,-9.4532817,394.5 -39.9149617,-9.45279,394.5 -39.9149567,-9.4522983,393.7 -39.9149483,-9.4518,392.6 -39.914945,-9.451295,392 -39.9149467,-9.4508,392.2 -39.9149367,-9.450325,390.9 -39.9149317,-9.4498583,387.3 -39.914925,-9.4493733,384.2 -39.9149017,-9.448895,384.2 -39.9148817,-9.4484283,386.7 -39.91487,-9.4479517,387.6 -39.9148617,-9.4474783,388.8 -39.9148583,-9.4469933,389.5 -39.914845,-9.4465117,390.8 -39.91484,-9.4460167,393 -39.9148333,-9.4455117,393.8 -39.914825,-9.4450067,395.6 -39.9148183,-9.4444983,396.5 -39.9148117,-9.4439967,395.9 -39.9148083,-9.44352,397.1 -39.914795,-9.4430467,399.7 -39.914795,-9.4425683,400.4 -39.9147917,-9.4420833,400.3 -39.9147783,-9.4415967,399.7 -39.91477,-9.4411,400.3 -39.9147667,-9.4406017,400.6 -39.914765,-9.44011,401.4 -39.9147583,-9.4396283,401.8 -39.9147417,-9.43917,402.3 -39.9147283,-9.4387483,400.9 -39.9147217,-9.438365,399.9 -39.9147133,-9.437985,401.4 -39.9146983,-9.4375917,402.1 -39.9146933,-9.4372133,403 -39.914685,-9.43683,404.2 -39.9146867,-9.436415,404.1 -39.9146733,-9.4359917,403.3 -39.9146667,-9.4355667,405.3 -39.9146617,-9.435145,405.8 -39.9146533,-9.4347317,405.1 -39.9146483,-9.4343317,405.5 -39.9146383,-9.433915,405 -39.9146067,-9.4334667,403 -39.9145867,-9.4330267,401.7 -39.9145683,-9.4325867,400.8 -39.9145567,-9.4321317,400.6 -39.9145517,-9.43167,401.6 -39.9145417,-9.4311933,403.1 -39.91454,-9.4307017,403.8 -39.9145333,-9.4301983,404.6 -39.91453,-9.42968,405.9 -39.91453,-9.4291667,406.1 -39.91454,-9.4286567,407.8 -39.9145317,-9.4281417,407.8 -39.9145317,-9.42762,407.5 -39.9145267,-9.427095,407.2 -39.9145217,-9.4265767,407.5 -39.9145283,-9.4260583,407.7 -39.9145233,-9.42554,406.5 -39.9145267,-9.4250383,405.8 -39.9145233,-9.4245483,405.3 -39.9145217,-9.4240683,404.8 -39.9145183,-9.4236,404 -39.9145117,-9.42314,403.8 -39.9145033,-9.4226783,402.6 -39.9144967,-9.42222,402.1 -39.9144967,-9.4217533,401.7 -39.9145033,-9.4212867,401.4 -39.914505,-9.420805,402.3 -39.91451,-9.42031,402.1 -39.9145133,-9.419815,402.6 -39.914515,-9.41932,402 -39.9145117,-9.41881,401.1 -39.914505,-9.418305,399.9 -39.9145033,-9.4177917,399.2 -39.9145083,-9.4172583,399.8 -39.9145183,-9.4167317,399.2 -39.91452,-9.4162017,398.6 -39.9145183,-9.4156683,399 -39.9145283,-9.4151267,399.9 -39.9145217,-9.4145967,398.8 -39.9145133,-9.41407,396.3 -39.9145167,-9.4135417,395.2 -39.9145217,-9.4130117,396.2 -39.914525,-9.4124883,395.8 -39.9145183,-9.411955,395.9 -39.9145183,-9.4114483,395.1 -39.9145133,-9.4109467,395.6 -39.914515,-9.4104567,394.1 -39.9145133,-9.4099633,392.5 -39.91451,-9.4094633,392.5 -39.9145133,-9.4089633,390 -39.9145167,-9.408445,387.5 -39.914515,-9.4079267,386.6 -39.9145183,-9.4074233,386.9 -39.91452,-9.4069217,386.9 -39.9145267,-9.4064283,388.2 -39.9145283,-9.4059433,388.4 -39.9145267,-9.4054367,386.6 -39.9145283,-9.4049567,386 -39.914525,-9.4044817,387 -39.9145283,-9.404005,387.2 -39.9145317,-9.403515,389 -39.9145317,-9.40302,389 -39.91453,-9.4025117,389.8 -39.914535,-9.4019917,390.1 -39.9145467,-9.4014733,390.4 -39.9145517,-9.4009533,390.7 -39.91456,-9.4004267,390.6 -39.9145617,-9.3999033,388.4 -39.9145617,-9.3993517,386 -39.9145733,-9.39879,386.3 -39.91458,-9.3982267,387.5 -39.914585,-9.397665,390.1 -39.91459,-9.397105,389.9 -39.9145983,-9.3965283,391.6 -39.9146067,-9.3959567,392 -39.9146083,-9.3953967,393.4 -39.9146133,-9.3948383,395.2 -39.9146217,-9.3942883,396.5 -39.9146267,-9.3937333,396.3 -39.9146267,-9.3931783,395.8 -39.91462,-9.3926233,395.4 -39.9146233,-9.3920733,396.3 -39.9146283,-9.39153,397.3 -39.914635,-9.3910083,397.8 -39.914645,-9.3904983,397.9 -39.91466,-9.3900017,397.3 -39.9146567,-9.3894883,397.4 -39.9146533,-9.3889833,398.6 -39.9146433,-9.3884717,398.6 -39.91462,-9.3879717,397.6 -39.9146067,-9.3874667,397.3 -39.9146383,-9.3869567,397.2 -39.9146667,-9.3864417,397 -39.9146717,-9.3859133,397.4 -39.9146867,-9.3853717,398.4 -39.9146967,-9.3848517,400 -39.9147017,-9.3843467,399.3 -39.9147017,-9.3838433,398 -39.9147067,-9.3833517,398.4 -39.9147267,-9.3828817,399.5 -39.91473,-9.3824517,398.9 -39.914735,-9.382035,400.1 -39.9147333,-9.38165,399.5 -39.914735,-9.3812817,398.8 -39.9147333,-9.380955,399.2 -39.9147317,-9.38069,397.9 -39.9147333,-9.38042,398.8 -39.9147283,-9.3801433,398.3 -39.9147233,-9.37984,397.9 -39.9147367,-9.3795117,399.3 -39.9147417,-9.379185,399.5 -39.914745,-9.378855,398.7 -39.9147533,-9.37853,397.6 -39.9147533,-9.3781967,395.6 -39.914765,-9.3778417,394.9 -39.9147667,-9.37748,393.4 -39.91477,-9.3771433,392.5 -39.9147683,-9.3768133,391.7 -39.9147667,-9.376525,390.4 -39.9147833,-9.37618,389 -39.91477,-9.3759,386.7 -39.9147667,-9.3756367,385.6 -39.9147633,-9.3753817,384.5 -39.9147683,-9.3750883,385.8 -39.914775,-9.37478,387.3 -39.9147817,-9.3744733,388.9 -39.91479,-9.3741933,389.8 -39.914795,-9.3739183,390.2 -39.9147967,-9.373635,390.2 -39.91479,-9.3733333,387.2 -39.9147967,-9.3730233,385.9 -39.9148067,-9.372695,386 -39.9148083,-9.3723717,385.3 -39.9148083,-9.3720517,383.7 -39.914815,-9.3717417,383.3 -39.91482,-9.37143,383.4 -39.9148267,-9.371105,383.4 -39.91482,-9.37077,382.9 -39.9148083,-9.37044,380.5 -39.9148067,-9.3701133,377.4 -39.914805,-9.3697867,377.9 -39.9148117,-9.36947,380 -39.9148267,-9.3691783,380.9 -39.9148417,-9.3689117,381.4 -39.9148467,-9.3686783,381.1 -39.9148417,-9.3684233,380.9 -39.91484,-9.3681383,380.3 -39.914835,-9.367825,378.9 -39.9148383,-9.3675067,378.1 -39.9148517,-9.3671917,378 -39.9148583,-9.3668883,378.9 -39.9148633,-9.36657,378.3 -39.9148817,-9.3662267,377.9 -39.9149017,-9.3658533,376.4 -39.914925,-9.365445,376.8 -39.9149483,-9.36503,377.3 -39.914955,-9.3646033,375.7 -39.9149567,-9.3641617,373.4 -39.9149583,-9.3637,372.5 -39.9149617,-9.3632267,371 -39.9149617,-9.362745,370.5 -39.9149683,-9.36225,370.1 -39.9149717,-9.3617417,370.1 -39.9149667,-9.3612333,369.9 -39.9149583,-9.3607167,369.6 -39.91495,-9.3601983,371.2 -39.9149533,-9.3596767,371.7 -39.914955,-9.35916,372.3 -39.9149617,-9.3586433,371 -39.914965,-9.3581283,371.5 -39.9149633,-9.3576083,371.8 -39.9149633,-9.35708,371.5 -39.9149583,-9.3565433,371.4 -39.9149533,-9.35601,371.2 -39.9149483,-9.3554833,369.7 -39.9149417,-9.354945,370.4 -39.914935,-9.3544017,370.9 -39.9149383,-9.35386,370.7 -39.9149417,-9.3533333,370.9 -39.91495,-9.3528133,372.5 -39.914945,-9.3522967,372.5 -39.9149317,-9.3517733,370.3 -39.914925,-9.351235,370.3 -39.9149367,-9.3506967,370.9 -39.9149367,-9.3501683,371.8 -39.9149383,-9.3496517,373.3 -39.91493,-9.3491483,375 -39.91492,-9.3486567,377.4 -39.9149117,-9.34818,377.3 -39.9149167,-9.3477167,377.7 -39.9149183,-9.3472417,376.8 -39.9149217,-9.34677,377.2 -39.9149217,-9.3463033,377.9 -39.9149233,-9.3458383,376.5 -39.91492,-9.3453833,374.8 -39.9149267,-9.3449483,374.6 -39.91494,-9.3445283,376.7 -39.9149467,-9.3441233,378.8 -39.914945,-9.3437383,379.4 -39.9149483,-9.3433817,381.3 -39.91495,-9.343055,382.4 -39.9149517,-9.3427617,381.7 -39.9149583,-9.3424867,381.8 -39.9149617,-9.3422167,382.7 -39.9149667,-9.3419383,383.2 -39.9149683,-9.34166,382.9 -39.91497,-9.3413767,382.1 -39.914975,-9.3410967,382 -39.914995,-9.340815,383.1 -39.9150167,-9.34054,379.9 -39.91508,-9.3402417,377.7 -39.9151767,-9.3399317,376.1 -39.9153167,-9.3396117,375.1 -39.9154917,-9.3392517,375.9 -39.9156833,-9.3388817,378.1 -39.91588,-9.3385167,380.2 -39.9160867,-9.3381517,382 -39.9163133,-9.337795,381.9 -39.9165617,-9.3374483,381.7 -39.9168283,-9.3370967,383.1 -39.9171,-9.3367467,383.9 -39.9173767,-9.336385,384.9 -39.917655,-9.3360183,386.3 -39.9179317,-9.335645,387.9 -39.918215,-9.33527,388.3 -39.9185017,-9.3348933,388 -39.91879,-9.33452,386.3 -39.919075,-9.3341483,385.5 -39.91935,-9.3337783,387.1 -39.91962,-9.3334267,389.4 -39.9198833,-9.3330933,390.8 -39.9201267,-9.3327633,392.1 -39.9203667,-9.33245,392.6 -39.9206033,-9.3321433,393.5 -39.9208317,-9.3318367,393.9 -39.9210617,-9.3315417,393.6 -39.9212733,-9.3312583,392.7 -39.9214517,-9.3310117,392.8 -39.9216183,-9.3307933,392.7 -39.9217817,-9.3305767,392.9 -39.9219517,-9.3303583,393.1 -39.9221117,-9.3301483,393.6 -39.9222817,-9.32994,393.5 -39.9224717,-9.3297417,393.5 -39.92267,-9.3295483,395.2 -39.922875,-9.329345,395.9 -39.9230467,-9.3291283,397.3 -39.923185,-9.328895,398.1 -39.9233183,-9.3286483,398.6 -39.9234733,-9.3284083,398.9 -39.923635,-9.328175,397 -39.9238017,-9.3279517,395.9 -39.9239817,-9.327715,395 -39.9241717,-9.3274833,391.6 -39.92436,-9.32724,392.1 -39.9245367,-9.327005,392.2 -39.9247067,-9.32678,392.1 -39.924875,-9.3265567,394 -39.9250483,-9.32635,395.5 -39.92521,-9.3261467,392.6 -39.9253717,-9.32594,392.8 -39.9255433,-9.32571,393.6 -39.9257167,-9.325465,393.3 -39.9259033,-9.32522,395.2 -39.926095,-9.3249883,396.9 -39.92627,-9.3247667,398.4 -39.9264433,-9.324545,399 -39.9266017,-9.3243383,401 -39.9267567,-9.32413,401.7 -39.9269117,-9.3239183,401.9 -39.92708,-9.32369,400.8 -39.92725,-9.3234717,398.7 -39.9274133,-9.3232633,398.2 -39.92758,-9.323045,397.1 -39.92775,-9.3228267,396.4 -39.9279333,-9.3226067,394.4 -39.9281167,-9.3223767,392.8 -39.9282917,-9.3221433,392.1 -39.92847,-9.3219,391.4 -39.9286633,-9.3216517,389.8 -39.9288417,-9.3214,388.5 -39.92903,-9.3211567,388.7 -39.92922,-9.32091,389 -39.9294067,-9.3206717,389.3 -39.929585,-9.32045,391.1 -39.9297483,-9.32024,392.8 -39.929915,-9.3200283,394.5 -39.930075,-9.3198167,395.9 -39.930225,-9.319605,396.7 -39.930375,-9.3194083,397.9 -39.9305233,-9.3192133,397.3 -39.9306783,-9.31902,398 -39.9308183,-9.3188317,399.7 -39.9309633,-9.3186483,400.6 -39.931095,-9.3184733,400.5 -39.9312283,-9.3182933,399.6 -39.93137,-9.318115,400.1 -39.9315083,-9.3179367,400.2 -39.931665,-9.3177533,401 -39.9318333,-9.3175833,401.3 -39.932035,-9.3174183,402.9 -39.93226,-9.3173017,402.4 -39.9325067,-9.3172183,403.2 -39.9327633,-9.3171817,405.7 -39.933005,-9.3171583,406.4 -39.9332417,-9.317155,406 -39.9334833,-9.31715,406.8 -39.93373,-9.317145,407.8 -39.9339833,-9.31715,408.6 -39.9342233,-9.317155,409.1 -39.9344633,-9.317145,410.6 -39.934715,-9.3171467,411.3 -39.9349533,-9.3171417,410.6 -39.93518,-9.3171467,409.9 -39.935415,-9.3171483,410.2 -39.93566,-9.31715,410.1 -39.9358967,-9.31715,412.2 -39.9361483,-9.3171467,413.4 -39.9364033,-9.3171483,414.3 -39.9366567,-9.3171483,414.9 -39.9369017,-9.3171433,414.7 -39.9371383,-9.31714,414.9 -39.9373767,-9.3171367,416.4 -39.937605,-9.3171367,417.2 -39.937815,-9.3171383,417.7 -39.938,-9.3171333,418.9 -39.938145,-9.3171417,419.3 -39.93827,-9.31714,420.4 -39.938375,-9.3171417,421.2 -39.9384567,-9.3171483,421.8 -39.9385433,-9.3171517,421.9 -39.9386417,-9.3171517,421.8 -39.9387417,-9.3171533,421.6 -39.9388467,-9.3171567,421.8 -39.9389533,-9.3171583,420.7 -39.9390617,-9.31715,420.8 -39.9391583,-9.3171467,420.8 -39.9392567,-9.3171383,421.5 -39.9393383,-9.31713,422.2 -39.9394083,-9.3171317,421.8 -39.939485,-9.3171383,421.4 -39.9395717,-9.31713,421.9 -39.939675,-9.3171317,420.6 -39.93978,-9.317115,420.3 -39.939855,-9.31708,419.5 -39.9399017,-9.31703,418.5 -39.9399317,-9.316975,418.6 -39.93994,-9.3169267,419.2 -39.9399317,-9.3168717,419.4 -39.9399,-9.3168283,420 -39.9398317,-9.31681,420.5 -39.9397533,-9.3168167,419.4 -39.939685,-9.3168383,418.5 -39.939625,-9.3168717,417.7 -39.9395583,-9.3169233,417.2 -39.9395217,-9.316995,417.2 -39.9395433,-9.3170383,418 -39.9395433,-9.3170383,421.2 -39.9395433,-9.3170383,422.2 -39.9395433,-9.3170383,422.2 -39.9395433,-9.3170383,422.2 -39.9395433,-9.3170383,419.7 -39.939485,-9.3169983,419 -39.9395017,-9.3169483,418.7 -39.9395083,-9.316905,420.7 -39.9395133,-9.31686,420.9 -39.939525,-9.3168117,421.6 -39.9395167,-9.3167567,421 -39.9395083,-9.3167083,421.1 -39.93952,-9.316665,420 -39.9395317,-9.31662,419.9 -39.93957,-9.316585,420.7 -39.939605,-9.31655,421.3 -39.9396583,-9.3165417,420.9 -39.9397083,-9.3165433,421.3 -39.93976,-9.3165267,421 -39.93981,-9.3165167,419.8 -39.9398667,-9.3165167,419.5 -39.9399183,-9.3165233,420.1 -39.9399683,-9.3165317,422.5 -39.9400183,-9.3165283,423.8 -39.9400283,-9.3164783,422.8 -39.94002,-9.316435,419.8 -39.9400383,-9.31639,418.9 -39.9400033,-9.3163417,418.5 -39.939975,-9.3163017,420.3 -39.9399417,-9.3162583,421.5 -39.9398967,-9.3162317,422 -39.9398533,-9.316215,421.4 -39.9398133,-9.316185,421.3 -39.9397883,-9.3161467,423.2 -39.9397783,-9.3160917,423.3 -39.939785,-9.316035,423 -39.939775,-9.315985,424.3 -39.9397683,-9.31594,426.2 -39.9397733,-9.3158883,426.4 -39.9398,-9.3158517,427.7 -39.939835,-9.3158217,427.4 -39.9398383,-9.3157717,426.2 -39.939845,-9.3157217,425.7 -39.93984,-9.315695,426.1 -39.93984,-9.315695,426.1 -39.93984,-9.315695,426.1 -39.9398033,-9.3156133,420.5 -39.9398383,-9.315585,418.4 -39.9398383,-9.315585,418.4 -39.9398383,-9.315585,415.2 -39.9398383,-9.315585,415.3 -39.9398383,-9.315585,416.4 -39.9398383,-9.315585,418.2 -39.9398383,-9.315585,417.6 -39.9398383,-9.315585,417.6 -39.9398383,-9.315585,417.6 -39.9398383,-9.315585,417.6 -39.9398383,-9.315585,417.6 -39.9398383,-9.315585,417.6 -39.9398383,-9.315585,417.6 -39.9398383,-9.315585,417.6 -39.9398383,-9.315585,417.6 -39.9398383,-9.315585,417.6 -39.9398383,-9.315585,417.6 -39.9398383,-9.315585,417.6 -39.9398383,-9.315585,417.6 -39.9398383,-9.315585,417.6 -39.9398383,-9.315585,414.3 -39.9398383,-9.315585,414.7 -39.9398383,-9.315585,414.7 -39.9398383,-9.315585,414.7 -39.9398383,-9.315585,412 -39.9398383,-9.315585,412 -39.9398383,-9.315585,412 -39.9398383,-9.315585,411.6 -39.9398383,-9.315585,411.6 -39.9398383,-9.315585,411.6 -39.9398383,-9.315585,411.6 -39.9398883,-9.3156933,413.6 -39.9398867,-9.3156983,413.5 -39.9398867,-9.3156983,413.5 -39.9398867,-9.3156983,413.5 -39.9398867,-9.3156983,413.5 -39.9398867,-9.3156983,413.5 -39.9398383,-9.315715,410.9 -39.9398283,-9.31571,411.1 -39.9398283,-9.31571,411.1 -39.9398283,-9.31571,411.1 -39.9398283,-9.31571,411.1 -39.9398283,-9.31571,411.1 -39.9398283,-9.31571,411.1 -39.9398283,-9.31571,411.1 -39.9398167,-9.31572,413.6 -39.9398167,-9.31572,419.1 -39.9398167,-9.31572,421.5 -39.939825,-9.3157083,428.9 -39.939855,-9.31567,430.4 -39.9399167,-9.3156617,428.2 -39.9399667,-9.315665,426.9 -39.9399783,-9.31566,424.9 -39.9399783,-9.31566,425.7 -39.9399783,-9.31566,422.5 -39.939965,-9.315675,421.8 -39.9399167,-9.31567,422.7 -39.9398733,-9.3156517,423.8 -39.9398367,-9.31568,425.3 -39.9398367,-9.31568,425.4 -39.9398367,-9.31568,425.4 -39.9398367,-9.31568,425.4 -39.9398367,-9.31568,425.4 -39.9398367,-9.31568,425.4 -39.9398367,-9.31568,422.7 -39.9398367,-9.31568,422.5 -39.9398367,-9.31568,422.5 -39.9398367,-9.31568,421.8 -39.9398367,-9.31568,421.8 -39.9398367,-9.31568,421.8 -39.9398367,-9.31568,421.8 -39.9398367,-9.31568,422.9 -39.9398367,-9.31568,424.2 -39.9398367,-9.31568,422.6 -39.9398367,-9.31568,422.5 -39.9398367,-9.31568,422.5 -39.9398367,-9.31568,422.5 -39.9398367,-9.31568,422.5 -39.9398367,-9.31568,420.5 -39.9398367,-9.31568,421.1 -39.9398367,-9.31568,421.2 -39.9398367,-9.31568,421.1 -39.9398367,-9.31568,421.1 -39.9398367,-9.31568,421.1 -39.9398367,-9.31568,421.1 -39.9398367,-9.31568,421.1 -39.9398367,-9.31568,421.1 -39.9398367,-9.31568,421.1 -39.9398367,-9.31568,421.1 -39.9398367,-9.31568,421.1 -39.9398367,-9.31568,421.1 -39.9398367,-9.31568,422.2 -39.9398367,-9.31568,422.2 -39.9398367,-9.31568,422.1 -39.9398633,-9.3156417,422.3 -39.9398633,-9.3156417,422.3 -39.9398633,-9.3156417,422.3 -39.9398633,-9.3156417,422.3 -39.9398633,-9.3156417,422.3 -39.9398633,-9.3156417,422.3 -39.9398633,-9.3156417,422.3 -39.9398633,-9.3156417,422.3 -39.9398633,-9.3156417,422.3 -39.9398633,-9.3156417,422.3 -39.9398633,-9.3156417,422.3 -39.9398633,-9.3156417,422.3 -39.939895,-9.31564,427.6 -39.9399433,-9.3156533,426 -39.9399833,-9.3156717,424.5 -39.9400217,-9.315695,422.7 -39.9400183,-9.3157067,422.8 -39.9400017,-9.31575,422.4 -39.9400017,-9.31575,422.4 -39.9400017,-9.31575,422.5 -39.9400017,-9.31575,419.7 -39.9400017,-9.31575,419.7 -39.9400017,-9.31575,419.7 -39.9400183,-9.315685,417.1 -39.9400117,-9.31563,417.7 -39.9400217,-9.31553,418.1 -39.94005,-9.3154317,419 -39.9400983,-9.3153383,418.8 -39.940135,-9.3152667,418.1 -39.940155,-9.315185,417.8 -39.940165,-9.31508,415.5 -39.9401717,-9.3149733,414.7 -39.9401717,-9.3148533,412.1 -39.940175,-9.3147317,409.3 -39.9401867,-9.3146233,408.6 -39.9402467,-9.314545,407.3 -39.9403017,-9.3145083,406.7 -39.9403017,-9.3145083,408.6 -39.9403017,-9.3145083,410.4 -39.9402083,-9.3145217,412.1 -39.9401817,-9.3144817,411.5 -39.94017,-9.3144217,411.1 -39.940175,-9.3143667,409.7 -39.9401367,-9.3143233,410 -39.94012,-9.3142783,411.3 -39.9400633,-9.314265,411.7 -39.9400317,-9.31425,413 -39.9400317,-9.31425,413 -39.9400317,-9.31425,413 -39.9400317,-9.31425,413 -39.9400317,-9.31425,413 -39.9400317,-9.31425,413 -39.9400317,-9.31425,413 -39.9400317,-9.31425,413 -39.9400317,-9.31425,413 -39.9400317,-9.31425,413 -39.9400317,-9.31425,413 -39.9400317,-9.31425,413 -39.9400317,-9.31425,413 -39.9400317,-9.31425,413 -39.9400317,-9.31425,413 -39.9400317,-9.31425,413 -39.9400317,-9.31425,413 -39.9400317,-9.31425,413 -39.9400317,-9.31425,413 -39.9400317,-9.31425,413 -39.9400317,-9.31425,413 -39.9400317,-9.31425,413 -39.9400317,-9.31425,413 -39.9400317,-9.31425,413 -39.940005,-9.314275,412.2 -39.940005,-9.314275,412.5 -39.940005,-9.314275,413.9 -39.940005,-9.314275,413.3 -39.940005,-9.314275,411 -39.940005,-9.314275,410 -39.940005,-9.314275,409.3 -39.940005,-9.314275,412.8 -39.940005,-9.314275,410.5 -39.940005,-9.314275,410.1 -39.940005,-9.314275,411.9 -39.9400267,-9.3142483,414.8 -39.9400267,-9.3142483,414.8 -39.9400667,-9.314265,418.8 -39.9401167,-9.314275,418.4 -39.9401683,-9.314265,416.4 -39.9401533,-9.3142983,412.5 -39.9401333,-9.3143367,409.7 -39.9401233,-9.3143867,408.9 -39.9401417,-9.3144533,410.7 -39.9401667,-9.3144917,411.3 -39.9401967,-9.3145267,412.8 -39.9402417,-9.3145433,414.4 -39.9402967,-9.3145417,414.1 -39.9403917,-9.31454,413.7 -39.9405133,-9.3145367,412.9 -39.9406467,-9.314525,411.9 -39.9407833,-9.3145,410.1 -39.9409133,-9.31449,409.1 -39.941035,-9.314495,408.9 -39.9411467,-9.3145017,409.8 -39.9412583,-9.314515,410.6 -39.9413683,-9.3145167,410.9 -39.9414533,-9.3144833,411.8 -39.941515,-9.3143683,411.7 -39.94155,-9.3142267,411.4 -39.94157,-9.3140733,410.1 -39.9415783,-9.3139333,411.6 -39.9415833,-9.3137967,413.5 -39.941595,-9.3136817,414.8 -39.9416,-9.313555,414.7 -39.9415967,-9.31343,414.2 -39.9415883,-9.3133167,415 -39.9415867,-9.3132533,415.1 -39.94159,-9.3131917,415.2 -39.9415983,-9.3131067,414.8 -39.9416017,-9.3130117,414.1 -39.941615,-9.31292,414.2 -39.9416317,-9.312825,414.7 -39.9416683,-9.31272,416.7 -39.94169,-9.3126117,416.9 -39.9417067,-9.312535,418 -39.9417267,-9.312485,417.5 -39.94172,-9.31253,415 -39.9417,-9.3125767,414.5 -39.9416733,-9.312615,414.3 -39.94163,-9.31264,413.1 -39.941585,-9.312645,411.3 -39.9415467,-9.3126333,410.6 -39.9415467,-9.3126333,410.6 -39.9415467,-9.3126333,410.6 -39.9415467,-9.3126333,410.6 -39.9415467,-9.3126333,410.6 -39.9415467,-9.3126333,410.6 -39.9415467,-9.3126333,410.6 -39.9415467,-9.3126333,410.299 -39.9415467,-9.3126333,410.299 -39.9415467,-9.3126333,409.899 -39.9415817,-9.31262,409 -39.941635,-9.3126283,410 -39.9416883,-9.312645,409.8 -39.9417317,-9.3126767,411.2 -39.9417667,-9.312715,411.6 -39.941785,-9.31274,412.7 -39.94182,-9.31274,412.4 -39.9418767,-9.312735,413.1 -39.9418817,-9.31278,413.7 -39.94188,-9.312825,415.2 -39.9419117,-9.3128417,415 -39.9419117,-9.3128417,415 -39.9419117,-9.3128417,415 -39.9419167,-9.31286,412.6 -39.9419167,-9.31286,412.6 -39.9418917,-9.3129017,412 -39.9418783,-9.3129117,410.8 -39.9418783,-9.3129117,410.8 -39.9418783,-9.3129117,407.8 -39.9418783,-9.3129117,407.7 -39.9418783,-9.3129117,408 -39.9418783,-9.3129117,410.1 -39.9419967,-9.3129667,410.7 -39.94199,-9.3129933,410.8 -39.94199,-9.3129933,411.5 -39.94199,-9.3129933,411.9 -39.94199,-9.3129933,412 -39.94199,-9.3129933,411.2 -39.94199,-9.3129933,412.7 -39.94199,-9.3129933,413 -39.94199,-9.3129933,413 -39.94199,-9.3129933,413 -39.94199,-9.3129933,413 -39.94193,-9.3129967,411.7 -39.941915,-9.31298,413 -39.94188,-9.3129433,411.8 -39.9418333,-9.3129367,413 -39.9417933,-9.3129167,412.1 -39.9417933,-9.3129167,414.2 -39.9417933,-9.3129167,413.099 -39.9417933,-9.3129167,409.899 -39.9417933,-9.3129167,409.899 -39.9417933,-9.3129167,409.899 -39.9417933,-9.3129167,409.899 -39.9417933,-9.3129167,410.4 -39.9417933,-9.3129167,411.5 -39.9417933,-9.3129167,411.5 -39.9417933,-9.3129167,412.3 -39.9417933,-9.3129167,412.8 -39.9417933,-9.3129167,412.2 -39.9417933,-9.3129167,413.2 -39.9417933,-9.3129167,413.2 -39.9417933,-9.3129167,413.2 -39.9418417,-9.3128933,411.6 -39.9419017,-9.312885,412.3 -39.9419133,-9.312875,413 -39.9419133,-9.312875,413 -39.9419133,-9.312875,413 -39.9419133,-9.312875,413 -39.9419133,-9.312875,413 -39.9419133,-9.312875,413 -39.9418917,-9.31279,414.4 -39.941875,-9.312785,414.7 -39.941875,-9.312785,412.8 -39.941875,-9.312785,412.3 -39.941875,-9.312785,412.3 -39.941875,-9.312785,412.6 -39.941875,-9.312785,413.1 -39.941875,-9.312785,413.6 -39.941875,-9.312785,413.6 -39.941875,-9.312785,411.7 -39.9418417,-9.3128067,411.6 -39.9417933,-9.312815,411.5 -39.9417483,-9.3128417,411.2 -39.9417367,-9.3128333,412.3 -39.9417367,-9.3128333,415.599 -39.9417367,-9.3128333,415.999 -39.9417367,-9.3128333,415.999 -39.9417367,-9.3128333,410.5 -39.9417367,-9.3128333,409.8 -39.9417367,-9.3128333,409.8 -39.9417367,-9.3128333,409.8 -39.9417367,-9.3128333,409.8 -39.9417367,-9.3128333,409.8 -39.9417367,-9.3128333,410.5 -39.9417367,-9.3128333,408.9 -39.9417367,-9.3128333,408.8 -39.9417367,-9.3128333,408.8 -39.9417367,-9.3128333,408.8 -39.9417367,-9.3128333,408.8 -39.9417367,-9.3128333,408.8 -39.9417367,-9.3128333,408.8 -39.9417367,-9.3128333,408.8 -39.9417367,-9.3128333,411.4 -39.9417367,-9.3128333,410 -39.9417367,-9.3128333,410 -39.9417367,-9.3128333,410 -39.9417367,-9.3128333,410 -39.9417367,-9.3128333,411.4 -39.9417367,-9.3128333,411.5 -39.9417367,-9.3128333,411.5 -39.9417367,-9.3128333,411.5 -39.9417367,-9.3128333,411.5 -39.9417367,-9.3128333,411.5 -39.9417367,-9.3128333,413.2 -39.94177,-9.3128117,411.7 -39.9418017,-9.31278,410.9 -39.94181,-9.312755,411.1 -39.94189,-9.31271,413.4 -39.941895,-9.312665,415.6 -39.9418933,-9.3126617,416.1 -39.9418833,-9.312705,412.1 -39.9418817,-9.3127283,412.3 -39.94184,-9.312735,414.2 -39.9418033,-9.3127633,413.7 -39.9417833,-9.3128017,411.4 -39.941745,-9.3128267,410.1 -39.9417133,-9.3128233,410.8 -39.9417133,-9.3128233,410.8 -39.9417067,-9.3128233,412.3 -39.9417583,-9.31281,412.4 -39.94177,-9.3127967,412.3 -39.94177,-9.3127967,412.3 -39.94177,-9.3127967,412.3 -39.94177,-9.3127967,412.3 -39.94177,-9.3127967,412.3 -39.94177,-9.3127967,412.3 -39.94179,-9.312775,412.8 -39.9418233,-9.3127433,414.2 -39.9418683,-9.3127367,415.9 -39.941885,-9.3127217,415.8 -39.941885,-9.3127217,415.8 -39.941885,-9.3127217,415.8 -39.941885,-9.3127217,415.8 -39.941885,-9.3127217,415.8 -39.9419017,-9.31263,416.7 -39.9419133,-9.3125917,413.5 -39.9419133,-9.3125617,412.2 -39.9419133,-9.3125617,412.2 -39.9419133,-9.3125617,412.2 -39.9419133,-9.3125617,412.2 -39.9419133,-9.3125617,412.2 -39.9419067,-9.3126517,410.8 -39.94188,-9.3126883,411.6 -39.94187,-9.3127067,413.3 -39.94187,-9.3127067,413.3 -39.9418367,-9.3127233,416.2 -39.9418,-9.3127567,415.1 -39.9417883,-9.3127783,413.6 -39.9417883,-9.3127783,413.6 -39.9417883,-9.3127783,413.6 -39.9417733,-9.3128233,413.7 -39.941755,-9.3128317,412.1 -39.941755,-9.3128317,412.399 -39.941755,-9.3128317,412.199 -39.941755,-9.3128317,413.5 -39.941755,-9.3128317,412.399 -39.941755,-9.3128317,411.299 -39.941755,-9.3128317,411.299 -39.941755,-9.3128317,411.299 -39.941755,-9.3128317,411.299 -39.941755,-9.3128317,411.299 -39.941755,-9.3128317,416.299 -39.941755,-9.3128317,416.599 -39.941755,-9.3128317,414.799 -39.941755,-9.3128317,414.799 -39.941755,-9.3128317,414.799 -39.941755,-9.3128317,414.799 -39.941755,-9.3128317,412.9 -39.941755,-9.3128317,410.4 -39.941755,-9.3128317,408.9 -39.941755,-9.3128317,408.6 -39.941755,-9.3128317,410.2 -39.941755,-9.3128317,411.8 -39.941755,-9.3128317,411.8 -39.941755,-9.3128317,411.8 -39.941755,-9.3128317,411.8 -39.941755,-9.3128317,411.8 -39.941755,-9.3128317,411.8 -39.941755,-9.3128317,411.8 -39.941755,-9.3128317,411.8 -39.941755,-9.3128317,411.6 -39.941755,-9.3128317,411.7 -39.941755,-9.3128317,411.7 -39.941755,-9.3128317,411.7 -39.941755,-9.3128317,412.7 -39.941755,-9.3128317,412.3 -39.941755,-9.3128317,412.3 -39.941755,-9.3128317,412.3 -39.941755,-9.3128317,412.3 -39.941755,-9.3128317,410.6 -39.941755,-9.3128317,410.7 -39.941755,-9.3128317,410.7 -39.941755,-9.3128317,410.7 -39.941755,-9.3128317,410.7 -39.941755,-9.3128317,413.6 -39.941755,-9.3128317,414 -39.941755,-9.3128317,416.1 -39.941755,-9.3128317,413 -39.941755,-9.3128317,412.3 -39.94183,-9.31287,412 -39.9418567,-9.3129083,412 -39.94188,-9.3129333,412.2 -39.94188,-9.3129333,412.2 -39.94188,-9.3129333,412.2 -39.94188,-9.3129333,412.2 -39.94188,-9.3129333,412.2 -39.94188,-9.3129333,412.2 -39.94188,-9.3129333,414.3 -39.94188,-9.3129333,414.4 -39.94188,-9.3129333,414.4 -39.94188,-9.3129333,416.5 -39.94188,-9.3129333,416 -39.94188,-9.3129333,416 -39.94188,-9.3129333,416 -39.94188,-9.3129333,416 -39.94188,-9.3129333,416 -39.94188,-9.3129333,416 -39.94188,-9.3129333,416 -39.94188,-9.3129333,416 -39.94188,-9.3129333,416.9 -39.94188,-9.3129333,417.7 -39.94188,-9.3129333,416.199 -39.94188,-9.3129333,414.199 -39.94188,-9.3129333,412.699 -39.94188,-9.3129333,412.299 -39.94188,-9.3129333,412.7 -39.94188,-9.3129333,413.399 -39.94188,-9.3129333,413.099 -39.94188,-9.3129333,412 -39.94188,-9.3129333,413 -39.94188,-9.3129333,413.1 -39.94188,-9.3129333,414.2 -39.94188,-9.3129333,415.899 -39.94188,-9.3129333,415.499 -39.94188,-9.3129333,415.099 -39.94188,-9.3129333,413.599 -39.94188,-9.3129333,412.999 -39.94188,-9.3129333,412.499 -39.9418417,-9.312875,411.5 -39.9417967,-9.312865,412.4 -39.9417683,-9.31285,413.5 -39.9417683,-9.31285,413.7 -39.9417683,-9.31285,413.7 -39.9417683,-9.31285,415.5 -39.9417683,-9.31285,414.499 -39.9417683,-9.31285,413.199 -39.9417683,-9.31285,412.199 -39.9417683,-9.31285,413.199 -39.9417683,-9.31285,413.199 -39.9417683,-9.31285,413.199 -39.9417683,-9.31285,413.199 -39.9417683,-9.31285,413.199 -39.9417683,-9.31285,413.199 -39.9417683,-9.31285,415.1 -39.9417683,-9.31285,414.1 -39.941705,-9.3128167,412.5 -39.941705,-9.3128167,412.5 -39.9416667,-9.3127767,414.2 -39.9416317,-9.312745,413.5 -39.94162,-9.3127,414.2 -39.9416017,-9.3126533,413.6 -39.9415767,-9.3126167,412.9 -39.94156,-9.3126083,413.7 -39.94156,-9.3126083,413.7 -39.941595,-9.31265,413.7 -39.9416233,-9.3126967,414.4 -39.9416417,-9.31276,414.3 -39.9416417,-9.31284,414.3 -39.941635,-9.3129167,414.5 -39.94162,-9.3129717,411.9 -39.9416217,-9.313015,410 -39.941625,-9.31309,409.1 -39.9416267,-9.3131617,409.2 -39.9416267,-9.313225,409.6 -39.9416317,-9.313275,409.6 -39.94163,-9.3133417,409.3 -39.9416233,-9.3134067,408.8 -39.9416317,-9.3134867,408.6 -39.941635,-9.313565,408.3 -39.9416367,-9.3136317,408.1 -39.94163,-9.3136867,408 -39.9416283,-9.3137467,408 -39.9416267,-9.313805,408 -39.9416333,-9.3138667,406.7 -39.9416367,-9.3139283,405.5 -39.94163,-9.31401,405.6 -39.9416167,-9.3140917,405.5 -39.9416117,-9.3141717,405.7 -39.941615,-9.3142517,406.5 -39.9416267,-9.3143233,407.5 -39.941635,-9.3143817,406.4 -39.941645,-9.3144383,406.2 -39.941635,-9.3144967,406.5 -39.9415967,-9.3145467,406.5 -39.941555,-9.3145683,406.3 -39.9414983,-9.3145633,406.1 -39.9414367,-9.3145567,407.4 -39.94136,-9.3145433,408 -39.9412783,-9.3145317,408.3 -39.941185,-9.31452,407.7 -39.9410767,-9.3145283,407.4 -39.9409633,-9.314535,406.6 -39.9408517,-9.3145317,405.8 -39.940745,-9.314535,406.1 -39.9406383,-9.3145317,407.7 -39.9405433,-9.3145267,408.7 -39.9404767,-9.31452,407.7 -39.9404233,-9.3145183,407.1 -39.9403733,-9.3145417,407.6 -39.9403183,-9.31456,408 -39.9402683,-9.3146067,408.3 -39.94023,-9.3146767,408.6 -39.9402083,-9.3147767,408.4 -39.940195,-9.31488,409.6 -39.94018,-9.3149967,411.9 -39.940175,-9.3150967,413.7 -39.9401567,-9.3152067,413.7 -39.9401617,-9.3153133,414 -39.940155,-9.3154017,415.1 -39.94017,-9.31547,416.4 -39.9401967,-9.3155367,418.1 -39.9402233,-9.3156133,419.4 -39.940245,-9.3156583,419.1 -39.9402617,-9.31571,420.3 -39.9402617,-9.315765,421.7 -39.94026,-9.3158533,422.1 -39.9402433,-9.3159467,422.9 -39.94022,-9.3160183,423.3 -39.9401967,-9.3160717,423.9 -39.9401717,-9.3161183,424 -39.940135,-9.3161567,423.7 -39.94009,-9.3161783,424 -39.940045,-9.3161983,424.5 -39.940005,-9.31622,424.3 -39.939965,-9.3162433,424.4 -39.939925,-9.3162733,423.6 -39.9398917,-9.3163117,422.6 -39.9398917,-9.3163117,421.5 -39.9398917,-9.3163117,421.5 -39.9398917,-9.3163117,421.5 -39.9398917,-9.3163117,421.5 -39.9398917,-9.3163117,421.5 -39.9398917,-9.3163117,421.5 -39.9398917,-9.3163117,421.5 -39.9398917,-9.3163117,421.5 -39.9398917,-9.3163117,421.5 -39.9398917,-9.3163117,421.5 -39.9398917,-9.3163117,421.5 -39.9398917,-9.3163117,421.5 -39.9398917,-9.3163117,421.5 -39.9398917,-9.3163117,421.5 -39.9398917,-9.3163117,421.5 -39.9398917,-9.3163117,421.5 -39.9398917,-9.3163117,421.5 -39.9398917,-9.3163117,421.5 -39.9398917,-9.3163117,421.5 -39.9398917,-9.3163117,421.5 -39.9398917,-9.3163117,421.5 -39.9398917,-9.3163117,421.5 -39.9398917,-9.3163117,421.5 -39.9398917,-9.3163117,421.5 -39.9398917,-9.3163117,421.5 -39.9398917,-9.3163117,421.5 -39.9398917,-9.3163117,421.5 -39.9398917,-9.3163117,421.5 -39.9398917,-9.3163117,421.5 -39.9398917,-9.3163117,421.5 -39.9398917,-9.3163117,421.5 -39.9398917,-9.3163117,421.5 -39.9398917,-9.3163117,421.5 -39.9398917,-9.3163117,421.5 -39.9398917,-9.3163117,421.5 -39.9398917,-9.3163117,421.5 -39.9398917,-9.3163117,421.5 -39.9398917,-9.3163117,426.9 -39.9399,-9.3163,426.4 -39.9399433,-9.31631,425 -39.93999,-9.316325,423.6 -39.94001,-9.316365,424.4 -39.9400317,-9.3163983,424.4 -39.94007,-9.3163667,420.2 -39.940045,-9.3163283,420.8 -39.9400033,-9.3163017,422.9 -39.9399533,-9.3162917,424 -39.9399133,-9.3162517,422.9 -39.9398717,-9.3162217,422.4 -39.9398283,-9.3162,423.4 -39.9397933,-9.3161683,424.1 -39.939785,-9.3161233,426.2 -39.9397817,-9.3160683,427.5 -39.93977,-9.3160233,426.7 -39.9397683,-9.3159767,425.8 -39.9397817,-9.3159333,425.5 -39.93978,-9.3158883,426.1 -39.939795,-9.3158383,428.1 -39.939825,-9.3158033,428.9 -39.939855,-9.3157617,428.5 -39.939875,-9.3157217,429.5 -39.939875,-9.3157217,428.1 -39.939875,-9.3157217,428.2 -39.939875,-9.3157217,428.2 -39.939875,-9.3157217,428.2 -39.939875,-9.3157217,428.2 -39.939875,-9.3157217,428.2 -39.939875,-9.3157217,428.2 -39.939875,-9.3157217,428.2 -39.939875,-9.3157217,428.2 -39.939875,-9.3157217,428.7 -39.939875,-9.3157217,428.7 -39.939875,-9.3157217,428.7 -39.939875,-9.3157217,428.7 -39.939875,-9.3157217,428.7 -39.939875,-9.3157217,428.7 -39.939875,-9.3157217,428.7 -39.939875,-9.3157217,428.7 -39.939875,-9.3157217,427.7 -39.939875,-9.3157217,427.9 -39.939875,-9.3157217,427.9 -39.939875,-9.3157217,427.9 -39.939875,-9.3157217,427.9 -39.939875,-9.3157217,427.9 -39.939875,-9.3157217,427.9 -39.939875,-9.3157217,427.9 -39.939875,-9.3157217,427.9 -39.939875,-9.3157217,427.9 -39.939875,-9.3157217,427.9 -39.939875,-9.3157217,427.9 -39.939875,-9.3157217,427.9 -39.939875,-9.3157217,424.8 -39.939875,-9.3157217,424.8 -39.939875,-9.3157217,424.8 -39.939875,-9.3157217,424.8 -39.939875,-9.3157217,424.8 -39.939875,-9.3157217,424.8 -39.939875,-9.3157217,424.8 -39.939875,-9.3157217,424.8 -39.939875,-9.3157217,424.8 -39.939875,-9.3157217,424.8 -39.939875,-9.3157217,424.8 -39.939875,-9.3157217,427.2 -39.939875,-9.3157217,427.2 -39.939875,-9.3157217,426.1 -39.939875,-9.3157217,426.1 -39.939875,-9.3157217,426.1 -39.939875,-9.3157217,426.1 -39.939875,-9.3157217,426.1 -39.939875,-9.3157217,426.1 -39.939875,-9.3157217,426.1 -39.939875,-9.3157217,426.1 -39.939875,-9.3157217,426.1 -39.939875,-9.3157217,426.1 -39.939875,-9.3157217,426.1 -39.939875,-9.3157217,426.1 -39.939875,-9.3157217,426.1 -39.939875,-9.3157217,426.1 -39.939875,-9.3157217,426.1 -39.939875,-9.3157217,426.1 -39.939875,-9.3157217,426.1 -39.939875,-9.3157217,426.1 -39.939875,-9.3157217,426.1 -39.939875,-9.3157217,426.1 -39.939875,-9.3157217,423.5 -39.9398517,-9.3157483,426 -39.9398383,-9.3157933,427.5 -39.9398217,-9.315835,426.2 -39.93978,-9.3158633,426.3 -39.9397517,-9.3158983,425.3 -39.93974,-9.315935,424.7 -39.93974,-9.315935,424.7 -39.93974,-9.315935,424.7 -39.93974,-9.315935,424.7 -39.93974,-9.315935,424.7 -39.93974,-9.315935,424.7 -39.93974,-9.315935,424.7 -39.93974,-9.315935,424.7 -39.93974,-9.315935,420.7 -39.93974,-9.315935,421.8 -39.93974,-9.315935,424.8 -39.93974,-9.315935,425.8 -39.93974,-9.315935,424.9 -39.93974,-9.315935,423.1 -39.9396217,-9.31596,420.5 -39.939615,-9.3160233,418.5 -39.9396267,-9.3160383,423.5 -39.9397233,-9.31605,423.7 -39.9397717,-9.3160783,423.9 -39.9397717,-9.3160783,424 -39.9397617,-9.316085,424.4 -39.93972,-9.3160533,424.3 -39.9395833,-9.3159967,421.4 -39.9395267,-9.3159633,421 -39.9394767,-9.31593,420.2 -39.9394767,-9.31593,417.8 -39.9394767,-9.31593,417.1 -39.9394767,-9.31593,417 -39.9395067,-9.3159233,417 -39.9395517,-9.3159317,417 -39.939615,-9.3159417,416.8 -39.93961,-9.316005,416.7 -39.939575,-9.3162183,424.7 -39.9395733,-9.3162467,430.8 -39.939575,-9.31619,433.6 -39.9395833,-9.3161383,430.7 -39.9395683,-9.3161017,427.3 -39.9395683,-9.3161017,424.7 -39.9395683,-9.3161017,420.3 -39.9395683,-9.3161017,416.6 -39.9395683,-9.3161017,419.2 -39.9395683,-9.3161017,421.5 -39.9395683,-9.3161017,423.6 -39.9395683,-9.3161017,424.9 -39.9395683,-9.3161017,425.1 -39.9395683,-9.3161017,423.6 -39.9395683,-9.3161017,431.2 -39.9395683,-9.3161017,434.3 -39.9395683,-9.3161017,438.5 -39.9395683,-9.3161017,440.6 -39.9395683,-9.3161017,440.4 -39.9395683,-9.3161017,439.3 -39.9395683,-9.3161017,438.1 -39.9395683,-9.3161017,436.8 -39.9395683,-9.3161017,432.5 -39.9395683,-9.3161017,430.1 -39.9395683,-9.3161017,429.7 -39.9395683,-9.3161017,426 -39.9395683,-9.3161017,425.3 -39.9395683,-9.3161017,423.9 -39.9395683,-9.3161017,422.6 -39.9395683,-9.3161017,423.3 -39.9395683,-9.3161017,423.8 -39.9395683,-9.3161017,423.5 -39.9395683,-9.3161017,425.2 -39.9396267,-9.316135,426.6 -39.9396733,-9.31612,427 -39.93972,-9.3160867,425.4 -39.939745,-9.3160417,424.5 -39.939745,-9.3160417,422.6 -39.939745,-9.3160417,420.5 -39.939745,-9.3160417,419 -39.939745,-9.3160417,419.3 -39.939745,-9.3160417,420.9 -39.9397233,-9.316065,421.9 -39.9397467,-9.3161117,423.4 -39.93977,-9.3161717,423.7 -39.9397983,-9.31621,423.9 -39.9398383,-9.3162317,423.5 -39.93989,-9.31626,423.1 -39.9399317,-9.31628,422.8 -39.9399783,-9.3163083,423.2 -39.9400233,-9.3163433,422.6 -39.9400367,-9.31639,423.5 -39.940055,-9.3163917,423.1 -39.940055,-9.3163917,423.1 -39.940055,-9.3163917,423.1 -39.940055,-9.3163917,423.1 -39.9400767,-9.3164383,417.7 -39.9400483,-9.31648,417 -39.9399983,-9.3165017,416.8 -39.9399583,-9.31651,419.9 -39.9399167,-9.3165117,422.2 -39.9398667,-9.3165067,423.1 -39.9398183,-9.3165017,423.7 -39.93977,-9.3165133,425.3 -39.9397167,-9.3165317,426 -39.93967,-9.3165367,425.7 -39.9396233,-9.3165383,424.2 -39.9395817,-9.3165717,423.9 -39.939565,-9.316615,423.9 -39.93956,-9.3166683,423.4 -39.939555,-9.3167233,424.2 -39.939545,-9.3167783,424 -39.9395467,-9.3168283,423.4 -39.93954,-9.31688,424.3 -39.9395183,-9.3169283,424 -39.9395133,-9.3169733,422.8 -39.9394983,-9.317025,422.2 -39.9394717,-9.3170617,423.4 -39.93947,-9.31707,425 -39.93947,-9.31707,425 -39.9395017,-9.3171083,426.2 -39.9395017,-9.3171083,425.7 -39.9395017,-9.3171083,425.4 -39.9395017,-9.3171083,425.1 -39.9395017,-9.3171083,422.6 -39.9395017,-9.3171083,423.4 -39.9395017,-9.3171083,421.1 -39.9395017,-9.3171083,421.1 -39.939455,-9.3170883,421.6 -39.9394283,-9.31707,425.2 -39.9394017,-9.317015,425.2 -39.939365,-9.3170517,424.1 -39.9393383,-9.3170983,424.2 -39.9392783,-9.3171383,424.1 -39.9391617,-9.3171667,423.3 -39.93901,-9.3171667,423 -39.93885,-9.31715,422.9 -39.9386583,-9.317145,422.5 -39.9385,-9.317155,422.6 -39.9383733,-9.31716,421.8 -39.9382483,-9.3171733,419.7 -39.9380967,-9.317175,417.1 -39.9379033,-9.3171717,416.3 -39.937675,-9.317165,414.8 -39.9374133,-9.3171683,414.3 -39.937135,-9.3171667,414.7 -39.9368467,-9.3171667,412.3 -39.9365467,-9.3171683,411.9 -39.93623,-9.3171717,410.7 -39.9359283,-9.3171783,409 -39.9356533,-9.3171833,407.6 -39.9354,-9.317185,407.2 -39.935165,-9.3171817,407.1 -39.934905,-9.3171883,407.4 -39.934645,-9.31719,406.8 -39.93436,-9.3171883,407.6 -39.9340683,-9.31719,407.3 -39.9337833,-9.3171917,404.4 -39.933475,-9.3171933,405 -39.9331583,-9.3172033,405.6 -39.9328567,-9.317225,405.7 -39.9325583,-9.3172633,405.2 -39.932275,-9.3173417,404.9 -39.93201,-9.317485,404.8 -39.9317717,-9.31769,404.6 -39.9315533,-9.3179383,404.5 -39.9313433,-9.3181933,405 -39.9311383,-9.3184583,403.2 -39.9309333,-9.3187283,403.7 -39.930725,-9.3189917,403.8 -39.930515,-9.319265,401.6 -39.9303033,-9.3195467,399.8 -39.9300783,-9.3198333,398.7 -39.9298533,-9.3201317,397 -39.9296217,-9.3204367,394.4 -39.9293867,-9.320745,392.5 -39.92914,-9.3210617,391.6 -39.9288883,-9.321385,392.1 -39.9286317,-9.321715,392.5 -39.9283883,-9.3220417,393.4 -39.928145,-9.3223583,394.2 -39.9279,-9.322675,396.1 -39.9276683,-9.32298,399.4 -39.9274517,-9.3232717,401.1 -39.9272383,-9.323545,401.9 -39.9270333,-9.3238067,402.4 -39.9268317,-9.3240617,403.2 -39.926635,-9.3243233,401.9 -39.9264183,-9.3246033,399.7 -39.9262033,-9.32489,397.7 -39.9259767,-9.32519,397.7 -39.9257367,-9.32548,397.2 -39.92551,-9.32577,397.6 -39.925305,-9.3260367,398.9 -39.9251183,-9.3262883,400 -39.9249367,-9.32654,399.1 -39.924745,-9.3267883,398.3 -39.9245467,-9.32705,396.4 -39.9243433,-9.3273267,394.4 -39.9241183,-9.3276033,394.9 -39.9238933,-9.3278817,397.4 -39.9236817,-9.32817,399.4 -39.923505,-9.328445,399.6 -39.92334,-9.3287283,400 -39.9231633,-9.329015,400.6 -39.922965,-9.329295,401 -39.922725,-9.3295567,398.1 -39.9224617,-9.329835,396.2 -39.9222,-9.3301267,396 -39.921955,-9.330425,395.4 -39.921715,-9.3307333,394.6 -39.92148,-9.33104,394.1 -39.9212517,-9.3313467,394.5 -39.921025,-9.33166,395.1 -39.9207917,-9.331955,395.4 -39.92056,-9.3322517,396.1 -39.9203333,-9.3325567,394.8 -39.920095,-9.3328633,394.5 -39.9198533,-9.33319,393.1 -39.9196017,-9.3335183,392.4 -39.9193567,-9.3338433,392 -39.9191,-9.3341717,390.3 -39.9188533,-9.3345,389.9 -39.9186083,-9.3348233,389.5 -39.9183583,-9.335155,389 -39.9181067,-9.3354883,389.2 -39.9178583,-9.3358183,389.3 -39.917605,-9.33615,388.1 -39.91736,-9.3364933,386.4 -39.9171017,-9.3368167,385.6 -39.9168467,-9.3371383,384.8 -39.916595,-9.3374683,383.8 -39.9163617,-9.3377817,384.5 -39.9161433,-9.3381183,385.6 -39.9159283,-9.3384733,386.1 -39.915725,-9.3388367,383.5 -39.915535,-9.3392067,379.4 -39.91535,-9.3395983,378.1 -39.915195,-9.3399783,377.5 -39.9150967,-9.340365,379.3 -39.9150317,-9.3407517,379.3 -39.9150067,-9.3411433,380.3 -39.9149933,-9.341535,380.9 -39.9149867,-9.3419367,381.7 -39.91499,-9.3423533,380.9 -39.91499,-9.3427833,380.7 -39.91498,-9.3432083,380.6 -39.91498,-9.34364,380.2 -39.9149783,-9.34407,379.8 -39.91498,-9.34451,378 -39.914975,-9.3449517,375.3 -39.9149717,-9.3454,374 -39.914965,-9.34586,374.3 -39.9149617,-9.34632,376.2 -39.9149567,-9.3467667,376.5 -39.914955,-9.3471983,377.7 -39.9149567,-9.3476183,378.6 -39.9149517,-9.3480283,378.9 -39.91495,-9.3484333,377.7 -39.9149483,-9.3488433,376.1 -39.914955,-9.3492567,374.9 -39.9149617,-9.3496767,373.7 -39.914965,-9.3500983,372.5 -39.91496,-9.350525,372.8 -39.9149633,-9.3509383,371.7 -39.9149617,-9.3513583,370.9 -39.9149633,-9.3517667,372.4 -39.9149583,-9.352175,373.5 -39.91497,-9.3525583,374.3 -39.9149717,-9.3529183,374 -39.91498,-9.3532867,373.9 -39.9149767,-9.353665,374 -39.9149783,-9.354055,373.7 -39.9149733,-9.354455,373.8 -39.9149767,-9.3548617,373.7 -39.914975,-9.35528,374 -39.914975,-9.35571,373.6 -39.914975,-9.356155,372.7 -39.9149783,-9.3566033,371.9 -39.91498,-9.357055,371.4 -39.914975,-9.357505,371.6 -39.9149683,-9.3579633,372.5 -39.9149617,-9.3584317,373 -39.914965,-9.3589,373.2 -39.9149667,-9.3593617,373.4 -39.91497,-9.3598183,373.3 -39.91497,-9.3602617,373.5 -39.9149667,-9.3606917,374.4 -39.914965,-9.3611017,374.8 -39.9149567,-9.3615183,374.5 -39.9149583,-9.3619533,374.7 -39.9149583,-9.3623983,374.8 -39.9149583,-9.3628383,375.3 -39.91495,-9.3632933,375.3 -39.9149433,-9.3637567,375.3 -39.9149417,-9.3642267,375.6 -39.9149367,-9.3646833,376.4 -39.9149283,-9.365145,376.5 -39.9149217,-9.36561,377.6 -39.9149183,-9.36606,378.6 -39.91491,-9.3664917,378.4 -39.9149,-9.36692,379.4 -39.9148917,-9.3673483,378.1 -39.914895,-9.3677867,378.1 -39.914895,-9.3682217,378.5 -39.91489,-9.368645,380 -39.9148783,-9.3689483,379.8 -39.9148667,-9.36924,378.9 -39.9148533,-9.3695417,378.6 -39.9148433,-9.3698683,378.2 -39.9148433,-9.370215,379.2 -39.9148483,-9.3705733,380.5 -39.9148533,-9.3709467,381.9 -39.9148567,-9.37132,382.2 -39.91486,-9.3716883,382 -39.9148517,-9.372065,381.8 -39.914845,-9.372445,382.7 -39.914845,-9.3728467,383 -39.914845,-9.3732483,384 -39.9148383,-9.3736533,385.6 -39.914835,-9.3740417,386.2 -39.9148217,-9.3744417,386.9 -39.9148167,-9.3748533,387.1 -39.914815,-9.3752333,386.8 -39.91482,-9.3755583,387.2 -39.9148233,-9.3758783,386.8 -39.9148183,-9.37621,386.8 -39.9148167,-9.3765467,387.6 -39.9148067,-9.3768883,388.2 -39.9148033,-9.3772367,388.8 -39.9147983,-9.3776,389.6 -39.91479,-9.3779633,391 -39.9147917,-9.3783417,392.8 -39.9147883,-9.3787267,394 -39.9147817,-9.3791167,395.1 -39.9147833,-9.3795,396.1 -39.914775,-9.3798867,396.3 -39.9147767,-9.3802583,395.9 -39.914775,-9.3805817,396.5 -39.9147717,-9.38081,398.3 -39.9147717,-9.3810433,398 -39.91477,-9.3812983,398.7 -39.9147667,-9.3815733,398.8 -39.9147667,-9.3818833,398.3 -39.914765,-9.382215,398 -39.9147567,-9.3825733,397.3 -39.9147483,-9.3829517,397 -39.9147517,-9.3833483,396.9 -39.9147467,-9.3837433,397.2 -39.91474,-9.3841483,397.3 -39.914735,-9.3845633,397.5 -39.9147317,-9.38499,397.6 -39.9147283,-9.3854117,397.3 -39.9147233,-9.3858233,396.9 -39.9147117,-9.3862333,397.7 -39.9146883,-9.38665,398.6 -39.914655,-9.3870683,397.6 -39.9146433,-9.3874883,398.5 -39.9146517,-9.387925,398.6 -39.9146783,-9.3883733,398.5 -39.9146983,-9.3888467,398.1 -39.91469,-9.3893217,396.8 -39.9146867,-9.3897983,397.3 -39.9146783,-9.39028,396.2 -39.91467,-9.39077,395.3 -39.9146633,-9.3912633,395.3 -39.9146567,-9.391745,394.9 -39.9146533,-9.392225,395.2 -39.9146467,-9.3927117,394.4 -39.9146433,-9.3932017,393.8 -39.91464,-9.3936867,392.9 -39.91464,-9.3941567,392.5 -39.9146317,-9.394625,392 -39.914625,-9.39508,391.8 -39.9146217,-9.395535,391.6 -39.914615,-9.39599,390.4 -39.9146183,-9.396445,390.6 -39.9146183,-9.3968917,389.8 -39.914615,-9.3973333,389.7 -39.91461,-9.3977833,389.3 -39.914615,-9.39823,388.1 -39.9146083,-9.398675,387.2 -39.9146017,-9.39914,387.2 -39.9145917,-9.39961,387.5 -39.914595,-9.4000767,388.3 -39.9145883,-9.4005283,389.3 -39.9145867,-9.4009867,389.3 -39.9145817,-9.401445,389.6 -39.9145733,-9.4018983,390.2 -39.91457,-9.4023483,390 -39.914565,-9.402805,391 -39.9145717,-9.40324,391.8 -39.9145667,-9.4036783,391.9 -39.9145633,-9.40411,391.2 -39.9145617,-9.4045517,389.9 -39.9145567,-9.405015,386.8 -39.9145583,-9.40547,385.8 -39.9145583,-9.405915,386 -39.9145567,-9.4063417,387.5 -39.91455,-9.4067533,388.3 -39.9145433,-9.4071733,386.6 -39.9145433,-9.4075817,386.1 -39.9145417,-9.4080017,385.2 -39.9145533,-9.4084333,384 -39.914555,-9.4088617,386.5 -39.9145517,-9.409285,388.8 -39.9145533,-9.4097083,390.8 -39.9145533,-9.410145,392.3 -39.9145517,-9.4105867,391.9 -39.9145517,-9.4110333,392.5 -39.9145517,-9.4114817,393.8 -39.9145517,-9.4119367,394.6 -39.91455,-9.412395,394.6 -39.9145433,-9.4128467,394 -39.91455,-9.4133083,394.8 -39.9145583,-9.41377,395.7 -39.9145567,-9.4142333,396 -39.91456,-9.4146967,396.8 -39.9145583,-9.4151583,396.7 -39.91456,-9.41562,396.1 -39.91456,-9.4160783,396 -39.9145533,-9.41654,396.5 -39.9145533,-9.4170083,397.4 -39.914555,-9.41747,397.7 -39.9145583,-9.4179267,398 -39.9145567,-9.4183817,398.5 -39.914565,-9.41884,399.6 -39.9145633,-9.419275,399.2 -39.9145667,-9.41972,400.1 -39.9145717,-9.420165,401.1 -39.9145733,-9.42061,401.8 -39.9145683,-9.421065,401.7 -39.9145617,-9.4215067,401.6 -39.9145583,-9.4219567,401.4 -39.9145617,-9.4224183,400.8 -39.9145667,-9.4228733,401.5 -39.9145683,-9.42333,401.7 -39.9145683,-9.42379,402 -39.914575,-9.4242533,402.3 -39.914575,-9.4247067,402.5 -39.9145833,-9.4251783,403.5 -39.9145767,-9.42564,404.1 -39.9145767,-9.4261083,404 -39.9145817,-9.426565,405.1 -39.9145783,-9.4270233,405.4 -39.9145767,-9.42748,406.2 -39.9145867,-9.427935,406.7 -39.9145867,-9.4283933,406.1 -39.914585,-9.428855,405.5 -39.9145833,-9.4293217,405.5 -39.9145783,-9.4297867,406.2 -39.9145817,-9.430245,407 -39.9145833,-9.4307083,406.7 -39.9145817,-9.4311633,405.9 -39.9145867,-9.4316033,405.3 -39.9145883,-9.4320533,403.5 -39.9145867,-9.432515,402.5 -39.914605,-9.43299,400.9 -39.91463,-9.4334667,402.4 -39.9146417,-9.4339367,403.9 -39.9146483,-9.43441,404.2 -39.9146617,-9.4348917,404.5 -39.9146733,-9.435375,404.2 -39.9146733,-9.4358583,405.1 -39.9146783,-9.4363217,404.3 -39.9146983,-9.436775,405.5 -39.914715,-9.4372217,406 -39.9147317,-9.4376683,404.8 -39.91475,-9.43813,403.8 -39.91476,-9.4385933,402.7 -39.914775,-9.43906,401.9 -39.9147883,-9.4395283,401.6 -39.9148017,-9.4399983,400.8 -39.914805,-9.4404717,400.8 -39.9148067,-9.440925,400.9 -39.9148217,-9.4413733,401.7 -39.914835,-9.44182,400.1 -39.9148417,-9.4422733,399.9 -39.91485,-9.442725,399.1 -39.914855,-9.443175,399.1 -39.9148533,-9.4436267,398.1 -39.9148483,-9.4440817,396.9 -39.9148533,-9.444535,396.4 -39.9148567,-9.444985,395.4 -39.9148683,-9.44544,395.8 -39.9148767,-9.445895,394.5 -39.9148833,-9.4463633,392.7 -39.9149,-9.4468267,391.9 -39.914905,-9.447285,389.7 -39.9149117,-9.4477367,388.5 -39.9149217,-9.448185,388.4 -39.9149267,-9.4486333,387.4 -39.91493,-9.4490967,385.1 -39.914945,-9.44958,383.9 -39.9149583,-9.450055,385.5 -39.9149617,-9.45054,387.5 -39.9149717,-9.4510167,389 -39.9149817,-9.45148,388.9 -39.9149883,-9.4519417,389.3 -39.914995,-9.452385,391.3 -39.9150083,-9.452825,393.1 -39.9150167,-9.4532467,392.8 -39.91503,-9.4536533,392.9 -39.9150483,-9.4540633,393.3 -39.9150633,-9.4544833,391.9 -39.9150717,-9.45491,390.4 -39.9150817,-9.4553533,389.1 -39.9150983,-9.4558033,389.1 -39.9151233,-9.4562133,388.8 -39.91515,-9.4566083,388.8 -39.9151533,-9.4570067,389.5 -39.9151617,-9.457425,388.3 -39.9151617,-9.4578467,386.7 -39.9151733,-9.4582667,384.4 -39.915185,-9.4586917,383.4 -39.9152067,-9.459125,383.3 -39.9152317,-9.4595617,383.9 -39.9152667,-9.4600017,383.3 -39.9153067,-9.4604417,384.4 -39.9153383,-9.460865,384.2 -39.91537,-9.4613,384 -39.9153967,-9.4617267,384.1 -39.9154233,-9.4621683,383.8 -39.91545,-9.4626033,384.3 -39.9154783,-9.4630417,385.2 -39.9155017,-9.46348,386.8 -39.9155233,-9.4639117,387.6 -39.915545,-9.4643483,388.6 -39.9155583,-9.4647633,389.1 -39.91558,-9.4651633,391.1 -39.9156033,-9.4655617,392.3 -39.9156233,-9.4659567,392.8 -39.915645,-9.466355,392.3 -39.9156633,-9.4667517,392 -39.9156833,-9.4671617,392.9 -39.9156983,-9.4675733,390.5 -39.9157083,-9.4679833,390 -39.915705,-9.468405,392.6 -39.9156933,-9.46881,393.8 -39.9156717,-9.4692133,395.7 -39.9156267,-9.4696183,396.3 -39.91558,-9.4700233,395.2 -39.9155367,-9.470435,393.8 -39.9154967,-9.4708567,393.1 -39.9154567,-9.4712883,393.3 -39.91541,-9.4717367,393.2 -39.915375,-9.472185,392.7 -39.9153517,-9.4726417,392.9 -39.915355,-9.4731067,393.1 -39.9153667,-9.4735667,393.9 -39.915375,-9.4740417,395.6 -39.9153733,-9.4745183,395.8 -39.9153567,-9.47499,395.5 -39.9153417,-9.4754667,395.7 -39.9153267,-9.4759367,396.5 -39.9153217,-9.476395,397.9 -39.9153183,-9.4768383,399 -39.9153167,-9.4772783,399.4 -39.9153133,-9.4777117,399.8 -39.915305,-9.478135,401.4 -39.9153,-9.478555,402.4 -39.9152967,-9.4789683,402.5 -39.9152917,-9.4793867,403.7 -39.9152767,-9.4798083,404.7 -39.9152617,-9.4802367,403.6 -39.9152517,-9.480675,402.3 -39.9152517,-9.4811083,401.3 -39.9152517,-9.4815233,401.2 -39.9152533,-9.4819517,400.5 -39.9152533,-9.482395,401 -39.91525,-9.4828517,402 -39.9152467,-9.4833,402.2 -39.9152417,-9.4837417,403.4 -39.91524,-9.4841833,403.3 -39.915235,-9.4846167,402.5 -39.91524,-9.4850517,401.9 -39.915235,-9.48549,401.9 -39.915225,-9.4859367,400 -39.9152067,-9.4864033,398.9 -39.9151867,-9.48686,398.4 -39.91517,-9.4873067,400.4 -39.915155,-9.4877433,401.2 -39.915145,-9.488165,401 -39.91514,-9.4885783,400.8 -39.9151533,-9.4889983,400.9 -39.9151667,-9.4894117,399.4 -39.9151817,-9.4898383,398.3 -39.9151967,-9.490275,396.9 -39.9152217,-9.490725,397.1 -39.915245,-9.4911683,399.3 -39.9152567,-9.4916133,398.7 -39.9152767,-9.4920583,398.7 -39.915305,-9.49251,399 -39.91533,-9.4929733,400.6 -39.91536,-9.4934333,400.9 -39.9153983,-9.4938917,401.5 -39.915435,-9.4943383,402.5 -39.9154683,-9.494775,403.5 -39.9155,-9.4951783,404.7 -39.91553,-9.4955167,405.3 -39.9155617,-9.4958167,407.2 -39.9155867,-9.4961317,407.1 -39.9156133,-9.49646,406.3 -39.915605,-9.4968067,405.5 -39.9155383,-9.49717,405.1 -39.915435,-9.4975417,405.3 -39.9153483,-9.4979283,404.9 -39.9153,-9.49831,404.4 -39.9153167,-9.4987117,401.9 -39.9154333,-9.4991083,401.2 -39.9155783,-9.4995,401 -39.91573,-9.499895,399.7 -39.9158533,-9.5003017,399.1 -39.91598,-9.5007333,398.7 -39.916105,-9.5011817,397.4 -39.91622,-9.5016567,397.2 -39.9163267,-9.5021167,400 -39.9164367,-9.50257,401.3 -39.916565,-9.5030117,402.8 -39.9167067,-9.5034433,403.2 -39.9168433,-9.5038817,403.1 -39.9169783,-9.50433,402.2 -39.917115,-9.5047817,402 -39.9172433,-9.5052383,402.2 -39.917375,-9.5057,401.8 -39.917505,-9.5061583,401 -39.9176383,-9.506625,399.8 -39.9177733,-9.5070917,399.8 -39.9179133,-9.5075667,399.6 -39.91805,-9.508045,400.7 -39.9181833,-9.5085167,403.4 -39.9183017,-9.5089717,404.1 -39.9184183,-9.509415,404.8 -39.9185567,-9.5098633,404.1 -39.9187033,-9.5103233,403.5 -39.918845,-9.5107717,404.5 -39.9189633,-9.51121,405.6 -39.9190817,-9.5116433,405.8 -39.9192033,-9.5120533,407.6 -39.9193233,-9.51248,406.3 -39.91944,-9.5129133,408.5 -39.9195483,-9.5133533,408.9 -39.9196633,-9.513795,408.9 -39.9197683,-9.5142367,408.6 -39.9198667,-9.5146783,409 -39.9199667,-9.5151183,409 -39.9200733,-9.51555,409.1 -39.9201783,-9.51598,409.2 -39.92031,-9.516405,409.1 -39.9204583,-9.516815,410.4 -39.9206,-9.517225,411.8 -39.920735,-9.5176367,411.8 -39.920865,-9.5180583,411.4 -39.92099,-9.5184867,411.7 -39.921095,-9.5189383,411.7 -39.921185,-9.5194033,412.2 -39.9212633,-9.5198717,414.2 -39.92135,-9.520335,413.3 -39.9214517,-9.520785,412.4 -39.9215717,-9.52124,413.3 -39.9216867,-9.5216967,414.2 -39.921805,-9.5221483,414.5 -39.9219317,-9.52261,413.3 -39.9220583,-9.523075,413.9 -39.9221833,-9.5235417,415.3 -39.92231,-9.52401,415.7 -39.92243,-9.52448,415.8 -39.922555,-9.524955,416.4 -39.922685,-9.5254267,416.6 -39.9228167,-9.5258967,416.9 -39.9229467,-9.526355,418.3 -39.9230583,-9.5267983,418 -39.923165,-9.527245,418.1 -39.9232833,-9.527695,418.1 -39.9234017,-9.5281467,418.9 -39.9235217,-9.5285967,418.7 -39.9236467,-9.529055,419.7 -39.9237733,-9.5295183,420.4 -39.9239,-9.5299767,419 -39.9240317,-9.5304283,418.8 -39.9241583,-9.5308783,419.2 -39.9242817,-9.531335,419.7 -39.9244017,-9.5317883,419.4 -39.9245283,-9.5322467,421 -39.9246533,-9.53271,421.8 -39.9247867,-9.53317,422.5 -39.92491,-9.53364,423.2 -39.925035,-9.5341033,421.8 -39.9251583,-9.534575,420.7 -39.9252817,-9.535045,420.3 -39.9254067,-9.5355083,420.5 -39.925525,-9.53596,420.9 -39.9256433,-9.5364033,421.3 -39.9257683,-9.5368317,421.4 -39.9258933,-9.5372517,420.3 -39.9260017,-9.53766,419.4 -39.9261067,-9.53807,418.5 -39.92623,-9.5384867,418 -39.9263417,-9.5389033,417.3 -39.926455,-9.5393183,416.6 -39.92657,-9.5397333,416.1 -39.926685,-9.5401483,416.7 -39.9267983,-9.5405667,415.9 -39.926915,-9.5409867,414.3 -39.9270283,-9.5413967,412.9 -39.9271433,-9.541805,412 -39.92726,-9.54223,411.5 -39.927395,-9.54267,408.8 -39.927515,-9.5431117,407.3 -39.9276383,-9.543555,407.3 -39.927745,-9.5440117,410.2 -39.92779,-9.5444733,410.2 -39.9278033,-9.5449417,412.3 -39.92778,-9.5454017,412.9 -39.9277033,-9.545835,415.2 -39.9275867,-9.546265,415.6 -39.9274467,-9.5466867,415.6 -39.9273083,-9.5471083,415.2 -39.9271683,-9.5475333,415.4 -39.9270433,-9.547955,415.3 -39.926905,-9.5483833,413.5 -39.9267517,-9.548815,413.8 -39.926565,-9.5492317,415.3 -39.926365,-9.54963,417.2 -39.9261733,-9.55,418.6 -39.9259917,-9.5503383,419.4 -39.92581,-9.550665,419.7 -39.9256317,-9.55099,420.9 -39.9254367,-9.5513117,420.7 -39.92525,-9.551625,420.6 -39.92509,-9.5519317,418.6 -39.9249567,-9.5522467,417.6 -39.92486,-9.5525633,417 -39.9248267,-9.5529,415.9 -39.92488,-9.5532683,416.3 -39.92495,-9.55363,418.9 -39.9250117,-9.5539883,420.2 -39.9250783,-9.5543617,421.8 -39.92513,-9.5547417,422.5 -39.9251733,-9.55512,423.6 -39.925205,-9.5554783,422.9 -39.92524,-9.5558383,420.3 -39.925265,-9.55619,419.8 -39.9252933,-9.5565267,419.7 -39.925315,-9.5568517,418.4 -39.9253333,-9.5571333,417 -39.9253583,-9.5573717,416.6 -39.9253733,-9.5576417,414.9 -39.9254033,-9.5579433,413.8 -39.9254283,-9.5582533,410.7 -39.9254517,-9.5585833,409 -39.9254533,-9.558925,407.6 -39.9253683,-9.55927,407.9 -39.9252217,-9.559605,408.6 -39.9250517,-9.5599367,411.3 -39.9248917,-9.5602317,413 -39.924735,-9.5605217,413.1 -39.9245767,-9.560825,412.9 -39.9244017,-9.5611517,412.8 -39.9242217,-9.56149,412.5 -39.9240367,-9.5618533,411 -39.92384,-9.5622317,410.5 -39.9236517,-9.5626083,413.2 -39.9234567,-9.56298,414.9 -39.9232717,-9.5633467,416.4 -39.9230733,-9.56372,417.5 -39.9228717,-9.5640983,417.6 -39.9226717,-9.564495,416.8 -39.9224683,-9.56489,417 -39.9222633,-9.5652883,419 -39.9220583,-9.5656767,419.8 -39.9218817,-9.566005,420.9 -39.921745,-9.5662567,420.6 -39.9216383,-9.5664367,422 -39.9215733,-9.566545,422.1 -39.921525,-9.5666483,421.6 -39.9214917,-9.5668067,420.8 -39.9214717,-9.5669917,419.2 -39.9215017,-9.5671233,419.1 -39.92153,-9.56716,418.4 -39.9215317,-9.56716,418.5 -39.9215317,-9.56716,418.5 -39.9215317,-9.56716,418.5 -39.9215317,-9.56716,418.5 -39.9215317,-9.56716,418.5 -39.9215317,-9.56716,418.5 -39.9215317,-9.56716,418.5 -39.92163,-9.5672267,420 -39.9217417,-9.5671967,419.9 -39.9218767,-9.5671533,418.8 -39.9220683,-9.5670867,418.5 -39.9223217,-9.5670017,418.3 -39.9225917,-9.5668967,419.2 -39.9228983,-9.5667833,419.9 -39.9232467,-9.5666467,421.3 -39.9236283,-9.5664933,421.9 -39.9240233,-9.566345,422.1 -39.9244483,-9.5661983,422.1 -39.9248767,-9.56604,421.3 -39.925315,-9.56587,420.5 -39.92578,-9.5656983,419.4 -39.9262667,-9.5655217,415.6 -39.9267767,-9.565335,414.8 -39.9273217,-9.5651417,413.6 -39.92786,-9.5649433,415.4 -39.9284117,-9.5647317,417.2 -39.928965,-9.5645317,419 -39.9295117,-9.564325,420.7 -39.9300533,-9.56412,422.3 -39.930605,-9.5639217,424.3 -39.9311517,-9.5637233,424.9 -39.9317167,-9.5635267,424.7 -39.932285,-9.563315,425.1 -39.9328617,-9.5631,425 -39.9334617,-9.5628933,426.5 -39.9340467,-9.5626717,427.6 -39.9346233,-9.5624483,429.8 -39.9352133,-9.5622333,433.2 -39.9357817,-9.5620317,435.6 -39.9363367,-9.5618233,437.8 -39.936905,-9.5616183,437.8 -39.9374783,-9.5614117,436.2 -39.9380667,-9.5611967,434.9 -39.9386667,-9.5609817,433.4 -39.9392783,-9.5607583,433.5 -39.939895,-9.5605233,434.3 -39.9405083,-9.560305,435.9 -39.9411333,-9.560085,437.9 -39.9417517,-9.559865,438.3 -39.94237,-9.5596417,439.9 -39.9429933,-9.5594133,441.2 -39.9436233,-9.5591783,441.5 -39.9442433,-9.5589333,441.3 -39.9448883,-9.5587,440.6 -39.9455383,-9.5584667,440.6 -39.94619,-9.5582317,440.3 -39.9468517,-9.557995,441.6 -39.9475033,-9.5577617,440.3 -39.948135,-9.557515,440.9 -39.948765,-9.557295,441.1 -39.949375,-9.5570583,441.3 -39.9499883,-9.5568333,442.4 -39.950615,-9.55661,442.3 -39.95126,-9.5563783,441.5 -39.9519033,-9.556145,441 -39.9525367,-9.555915,441.2 -39.9531767,-9.5556833,442.8 -39.9538167,-9.5554483,444.5 -39.954455,-9.5552133,445.4 -39.9550983,-9.5549783,444.4 -39.95574,-9.554745,443.6 -39.9563767,-9.554515,443.1 -39.9570133,-9.5542883,443 -39.9576567,-9.55405,442.4 -39.9583033,-9.553815,442.5 -39.9589583,-9.5535767,441.1 -39.9596117,-9.553335,441.2 -39.9602567,-9.5531017,440.9 -39.960895,-9.55287,440.8 -39.96152,-9.5526383,441.3 -39.962145,-9.5524067,442.1 -39.9627717,-9.5521783,442.4 -39.9633867,-9.551955,442.2 -39.964,-9.551735,441.9 -39.9646083,-9.551515,441.9 -39.9652183,-9.5512933,441.9 -39.96582,-9.551075,441.8 -39.9663933,-9.5508633,442.3 -39.9669733,-9.5506533,442.4 -39.9675433,-9.55044,440.7 -39.9681333,-9.5502283,439.4 -39.9687217,-9.5500133,438.3 -39.969315,-9.549795,437.5 -39.969915,-9.549575,437.2 -39.97052,-9.5493567,436.8 -39.9711233,-9.5491367,435.3 -39.971725,-9.5489117,435.1 -39.972335,-9.5486883,433.4 -39.9729617,-9.5484683,431.5 -39.9735883,-9.5482383,431.7 -39.9742033,-9.5480067,432.4 -39.9748217,-9.547775,432.2 -39.97543,-9.5475517,432.8 -39.97605,-9.547335,432.4 -39.9766633,-9.54712,431.8 -39.9772733,-9.5469,432 -39.97787,-9.5466767,432.2 -39.9784733,-9.546455,431.9 -39.9790817,-9.5462383,430.9 -39.9796933,-9.5460167,431 -39.980305,-9.545795,430.4 -39.9809183,-9.5455733,431.7 -39.9815317,-9.5453533,432.1 -39.9821383,-9.5451283,435.1 -39.9827433,-9.544905,437.4 -39.983345,-9.5446883,438.5 -39.9839533,-9.5444717,440.3 -39.984545,-9.5442467,441 -39.985125,-9.5439983,441.2 -39.9857017,-9.5437317,441.5 -39.9862717,-9.5434467,441.7 -39.9868417,-9.54315,442.1 -39.987415,-9.54285,442 -39.987995,-9.542555,442.7 -39.9885817,-9.54226,443 -39.989165,-9.5419533,445 -39.98975,-9.5416533,446.3 -39.9903317,-9.5413567,448.2 -39.9909183,-9.5410583,450.3 -39.9915,-9.5407567,452.3 -39.9920817,-9.5404633,454.2 -39.9926617,-9.54017,454.9 -39.9932483,-9.5398733,456.3 -39.99383,-9.5395733,457 -39.9944117,-9.5392717,458.7 -39.9949883,-9.5389733,460.4 -39.9955567,-9.5386833,462.6 -39.996125,-9.5383883,463.6 -39.9966967,-9.5381017,463.4 -39.9972583,-9.5378183,462.8 -39.99782,-9.53753,462.5 -39.99835,-9.5372533,463.2 -39.998865,-9.5369933,462.9 -39.9993483,-9.5367417,462.5 -39.9997867,-9.5365133,463.2 -40.0001733,-9.5363133,464.4 -40.0005283,-9.5361317,464.6 -40.0008183,-9.53598,466.4 -40.00108,-9.5358517,466.1 -40.00134,-9.5357233,466.9 -40.001595,-9.535595,468.3 -40.0018467,-9.5354683,468.6 -40.00209,-9.5353433,468.6 -40.0023233,-9.535215,469.7 -40.0025583,-9.5351017,471.4 -40.0027867,-9.534985,471.4 -40.0030133,-9.5348633,471 -40.0032383,-9.5347433,471.4 -40.00348,-9.5346267,471.8 -40.00372,-9.534505,471.9 -40.0039633,-9.5343783,472.6 -40.00421,-9.53425,471.9 -40.0044683,-9.5341233,471.2 -40.004735,-9.53399,470.7 -40.0050217,-9.5338767,469 -40.0053233,-9.53377,465.2 -40.0056583,-9.5336983,463.6 -40.0060433,-9.5336667,461.9 -40.0064617,-9.5336383,459.4 -40.00691,-9.5335817,457 -40.0074,-9.5335417,454.4 -40.0079083,-9.5334983,452.5 -40.0084567,-9.533455,450.7 -40.0090267,-9.5334017,450.4 -40.0096217,-9.5333483,446.8 -40.0102333,-9.53328,446.1 -40.0108667,-9.5332067,445 -40.011515,-9.5331417,444.4 -40.0121767,-9.53309,443.1 -40.01284,-9.53303,442.7 -40.0135083,-9.53297,441.9 -40.01418,-9.53291,441 -40.0148667,-9.532855,439.8 -40.0155583,-9.5327867,437.8 -40.01625,-9.5327217,437.2 -40.0169533,-9.53266,436.9 -40.0176367,-9.5325983,436.3 -40.018305,-9.5325417,434.9 -40.0189717,-9.5324883,434.4 -40.0196433,-9.5324333,433.2 -40.0203083,-9.5323667,432.3 -40.0209833,-9.5323017,430 -40.0216483,-9.53225,427.7 -40.0223167,-9.53219,425.7 -40.0229833,-9.5321333,425.4 -40.02366,-9.5320733,426.7 -40.0243217,-9.5320183,427.7 -40.0249683,-9.5319567,428.7 -40.02561,-9.531905,429.6 -40.02625,-9.5318433,428.7 -40.026895,-9.5317867,427.4 -40.02754,-9.5317283,427.9 -40.0281867,-9.5316683,427.4 -40.0288483,-9.531615,425.4 -40.0295117,-9.5315517,424.6 -40.0301683,-9.5314867,423.6 -40.030825,-9.5314283,423.7 -40.0314733,-9.5313783,424.2 -40.0321133,-9.53132,426.8 -40.0327567,-9.5312633,429.2 -40.0333817,-9.531205,430.5 -40.033995,-9.531155,430.9 -40.03459,-9.5311017,431 -40.0351933,-9.5310417,431.7 -40.035805,-9.5309833,431 -40.03642,-9.5309333,429.4 -40.037045,-9.5308767,428.5 -40.0376583,-9.5308217,428.7 -40.0382833,-9.530765,429.2 -40.0389117,-9.5307117,429.2 -40.0395417,-9.5306567,430.4 -40.04018,-9.5306033,432.1 -40.0408183,-9.5305433,434.4 -40.04145,-9.5304883,435.8 -40.0420883,-9.53043,436.4 -40.0427233,-9.530375,436.1 -40.0433633,-9.5303217,434.8 -40.0440017,-9.5302683,433.4 -40.0446367,-9.5302117,433.3 -40.0452717,-9.5301583,432.6 -40.0458867,-9.5300933,432.2 -40.0465033,-9.530045,431 -40.0471217,-9.52999,429.3 -40.047745,-9.5299267,428.3 -40.04838,-9.529865,426.5 -40.0490167,-9.5298067,425.4 -40.0496467,-9.5297467,425.5 -40.0502867,-9.5296917,425.3 -40.050925,-9.5296317,425.1 -40.05157,-9.5295767,424.6 -40.05221,-9.5295217,424.1 -40.05285,-9.5294617,424.4 -40.0534917,-9.529405,423.7 -40.05413,-9.5293517,422.9 -40.0547533,-9.5292867,423.5 -40.0553717,-9.529235,424.2 -40.05599,-9.5291883,424.1 -40.05662,-9.5291317,423.1 -40.0572383,-9.52908,422.8 -40.05786,-9.5290217,423.3 -40.058475,-9.5289633,423.3 -40.05909,-9.5289133,423 -40.0597117,-9.5288567,423.6 -40.0603283,-9.5288017,424.2 -40.06095,-9.528745,423.5 -40.0615717,-9.5286917,421.7 -40.0621917,-9.5286383,419.7 -40.0628117,-9.528585,418.1 -40.0634367,-9.5285283,417 -40.064055,-9.5284683,416.4 -40.0646833,-9.528415,415.1 -40.0653133,-9.5283583,414.7 -40.0659417,-9.5282983,413.6 -40.0665733,-9.528245,411.5 -40.067205,-9.52819,410.6 -40.0678317,-9.5281333,409.3 -40.068455,-9.528075,410.1 -40.06909,-9.5280233,410.6 -40.0697067,-9.52796,412.1 -40.0703333,-9.527905,413.5 -40.0709633,-9.527855,414 -40.0715883,-9.5278,414.2 -40.0721733,-9.527745,415.8 -40.07275,-9.5276967,416.9 -40.0733333,-9.5276383,417.5 -40.0739217,-9.5275917,416.7 -40.074515,-9.5275417,415.9 -40.0751167,-9.5274867,414.8 -40.0757133,-9.5274283,414.7 -40.0763217,-9.527375,414 -40.0769383,-9.52732,413.7 -40.07756,-9.5272617,413.3 -40.078185,-9.5272133,414.3 -40.07881,-9.5271583,417.7 -40.0794167,-9.5271083,421.3 -40.0800183,-9.5270533,423.5 -40.0806167,-9.5269933,424.7 -40.0812033,-9.52694,423.7 -40.0817833,-9.5268917,422 -40.0823283,-9.526835,420.7 -40.082845,-9.5267867,420.2 -40.0832933,-9.526745,420.2 -40.083675,-9.5267133,420.8 -40.0839833,-9.52669,420.4 -40.0841933,-9.5266717,420.1 -40.0843083,-9.5266667,420.4 -40.0843983,-9.52666,420.7 -40.0845433,-9.52665,420.2 -40.0847267,-9.5266317,419.6 -40.0849467,-9.5266133,419.8 -40.0851933,-9.5265933,420.5 -40.0854667,-9.5265633,420.1 -40.0857567,-9.5265383,419.4 -40.0860617,-9.52651,420.4 -40.0863283,-9.52648,420.5 -40.08647,-9.5264683,421.6 -40.0865567,-9.5264583,422.7 -40.08671,-9.5264483,422.2 -40.08691,-9.52643,421.9 -40.08715,-9.5264083,421.9 -40.087445,-9.5263833,422.1 -40.0877767,-9.5263517,423.1 -40.0881367,-9.5263267,423.1 -40.0885117,-9.5262983,424.4 -40.088905,-9.5262517,425.4 -40.089335,-9.5262183,425.9 -40.0897883,-9.5261917,427.7 -40.0902517,-9.5261783,430.3 -40.0907167,-9.5261917,432.7 -40.0912017,-9.5262117,434.2 -40.0916967,-9.526245,435.3 -40.092205,-9.5262783,436.3 -40.092715,-9.526305,437.2 -40.0932333,-9.526335,439.2 -40.0937617,-9.5263633,439.5 -40.0943033,-9.5263983,438.6 -40.0948733,-9.52642,436.2 -40.0954667,-9.5264617,432.1 -40.0960733,-9.5264933,428.8 -40.096695,-9.5265233,426.6 -40.097315,-9.5265583,425.3 -40.0979133,-9.5265983,423.6 -40.0985083,-9.5266083,423.7 -40.0990933,-9.52657,421.3 -40.0996733,-9.5264467,420.2 -40.10022,-9.5262283,420.4 -40.1007683,-9.5259867,419.8 -40.1013233,-9.525745,421.1 -40.10188,-9.5254983,422.7 -40.1024417,-9.5252483,424.2 -40.10301,-9.5250017,423.7 -40.1035867,-9.5247583,422.9 -40.1041683,-9.524505,422.9 -40.1047417,-9.5242567,423.5 -40.1053083,-9.524005,422.1 -40.1058783,-9.523755,420.9 -40.1064517,-9.523505,419.9 -40.1070367,-9.5232533,420 -40.107615,-9.5230033,420.1 -40.1081933,-9.5227483,420.4 -40.108765,-9.5225,421.1 -40.1093433,-9.52225,422 -40.1099283,-9.5219967,421.7 -40.1105167,-9.5217433,420.7 -40.111115,-9.5214833,419.7 -40.111705,-9.5212267,418.4 -40.1123083,-9.5209633,419 -40.1129033,-9.5207067,419.2 -40.1134817,-9.5204533,419.1 -40.1140767,-9.5201983,419.6 -40.11467,-9.5199417,420 -40.11528,-9.5196867,420.6 -40.1158867,-9.5194283,422 -40.1164933,-9.5191683,423.4 -40.1171,-9.5189083,424.8 -40.1176983,-9.518655,425.9 -40.1182967,-9.5183967,427.9 -40.1188917,-9.51813,430.3 -40.11949,-9.5178717,431.8 -40.1200933,-9.5176133,432.3 -40.1206867,-9.5173533,433.5 -40.1212833,-9.51709,436.4 -40.1218817,-9.516835,437.7 -40.12246,-9.5165817,438.5 -40.1229917,-9.5163583,438.7 -40.123515,-9.51617,438.8 -40.1240517,-9.51604,436.1 -40.12463,-9.5159467,432.7 -40.1252267,-9.5158633,429.1 -40.1258433,-9.5157783,425.3 -40.1264783,-9.51569,421.6 -40.127125,-9.5156033,418.3 -40.1277867,-9.5155033,415.9 -40.1284433,-9.5154083,414 -40.1290917,-9.5153233,413.1 -40.1297467,-9.5152383,412.2 -40.1303783,-9.5151467,411.7 -40.131,-9.5150583,410.6 -40.13163,-9.5149617,409.4 -40.1322667,-9.514875,406.8 -40.1329033,-9.5147933,405.9 -40.1335317,-9.51471,403.9 -40.1341383,-9.5146233,402.5 -40.134725,-9.5145467,401.3 -40.13528,-9.51447,399.8 -40.1358383,-9.5144033,399.2 -40.1364083,-9.5143367,399 -40.1370017,-9.5142567,398.6 -40.1376017,-9.5141667,398.4 -40.1382283,-9.5140683,399.2 -40.1388633,-9.5139533,398.9 -40.139515,-9.513855,398.1 -40.1401733,-9.5137717,396.8 -40.1408367,-9.51368,396.7 -40.1414983,-9.51359,394.9 -40.1421617,-9.5135033,394.3 -40.1428483,-9.5134133,393.9 -40.1435167,-9.513315,396.5 -40.14419,-9.5132283,395.6 -40.1448483,-9.513135,394.6 -40.14551,-9.5130467,393.7 -40.1461733,-9.5129617,393.7 -40.1468317,-9.5128683,394.9 -40.1474833,-9.5127783,395.7 -40.148115,-9.51269,397.5 -40.1487233,-9.512615,397.9 -40.1492783,-9.5125267,397.9 -40.149805,-9.5124517,396.1 -40.1503017,-9.5123817,395.2 -40.1507767,-9.5123117,394.3 -40.151225,-9.5122433,394.4 -40.1516517,-9.5121817,393.6 -40.1519967,-9.5121333,393.8 -40.1522233,-9.5121067,393.6 -40.15234,-9.5120833,394 -40.152445,-9.512065,393.3 -40.152605,-9.512045,393 -40.1528083,-9.5120117,392.2 -40.1530467,-9.5119517,390.5 -40.1533167,-9.5118733,389.4 -40.153605,-9.511775,390.6 -40.1538867,-9.5116683,390.9 -40.1541333,-9.5115783,390.3 -40.1543333,-9.511495,389.8 -40.15444,-9.511455,388.8 -40.154545,-9.5114083,388.2 -40.1547117,-9.5113417,387 -40.1549267,-9.5112667,385.7 -40.1551783,-9.5111633,385.2 -40.155475,-9.51105,384.8 -40.1558,-9.5109117,383.7 -40.15615,-9.5107733,381.9 -40.156515,-9.5106317,382.5 -40.156905,-9.51048,381.7 -40.1573083,-9.51031,382.9 -40.157755,-9.510145,384.7 -40.158185,-9.5099717,387 -40.1586217,-9.5097917,388.1 -40.1590817,-9.509615,387.8 -40.15954,-9.5094367,388.6 -40.1600067,-9.50925,389.5 -40.1604867,-9.5090683,390.2 -40.1609783,-9.5088783,391.5 -40.1614867,-9.5086817,393.3 -40.162005,-9.508485,394.7 -40.162525,-9.5082933,395.6 -40.1630617,-9.50809,396.7 -40.163595,-9.5078833,397.7 -40.164145,-9.50767,397.9 -40.1646967,-9.5074567,398.9 -40.165255,-9.5072433,400 -40.16582,-9.5070283,400.1 -40.1663867,-9.50681,400.2 -40.1669533,-9.506595,399.4 -40.1675367,-9.5063567,399 -40.1681317,-9.5061267,398.8 -40.168735,-9.505885,397.6 -40.169345,-9.5056433,396.5 -40.16997,-9.5053983,395.1 -40.17059,-9.5051517,394.3 -40.17121,-9.5049067,394.2 -40.171835,-9.504655,393.5 -40.172465,-9.5044117,393 -40.1730917,-9.50416,391.7 -40.1737133,-9.5039117,391.1 -40.1743317,-9.503665,389.7 -40.1749533,-9.50342,388.1 -40.1755683,-9.50318,387.6 -40.1761683,-9.5029433,387.5 -40.1767617,-9.5027083,386 -40.177355,-9.5024767,385.6 -40.1779517,-9.5022433,385.5 -40.1785417,-9.5020083,385.6 -40.1791383,-9.5017683,384.9 -40.179735,-9.501535,384.5 -40.180325,-9.501305,384.1 -40.1809283,-9.501065,382.6 -40.1815267,-9.5008283,382.4 -40.1821233,-9.50059,381.9 -40.1827217,-9.5003533,381.9 -40.1833233,-9.50012,381 -40.1839317,-9.499885,380.1 -40.1845333,-9.4996517,379.8 -40.1851383,-9.4994083,378.9 -40.1857517,-9.4991617,379.7 -40.1863567,-9.498925,379.4 -40.1869633,-9.498685,379.6 -40.18756,-9.4984467,379.2 -40.1881567,-9.498215,379.4 -40.188735,-9.4979867,379 -40.1893,-9.497765,377.2 -40.1898633,-9.497545,375.5 -40.1904567,-9.497315,374.8 -40.19105,-9.4970867,373.9 -40.1916483,-9.4968567,373.9 -40.19225,-9.4966267,373.3 -40.192855,-9.4963933,372.8 -40.1934517,-9.4961567,372.8 -40.1940433,-9.49593,373.2 -40.19464,-9.4957033,372.7 -40.195235,-9.4954733,372.4 -40.1958267,-9.4952417,371.1 -40.196425,-9.49501,370.7 -40.197025,-9.4947817,371.5 -40.1976317,-9.494545,371.4 -40.1982417,-9.4943067,372 -40.1988483,-9.4940733,370.8 -40.1994467,-9.4938483,370.2 -40.2000117,-9.4936283,371 -40.200545,-9.4934233,370.5 -40.20105,-9.493225,371.3 -40.2015333,-9.4930367,370.5 -40.201985,-9.492865,371.1 -40.2023933,-9.4927067,371.1 -40.2027167,-9.4925733,371.4 -40.20298,-9.4924733,371.7 -40.2031767,-9.4923983,371.8 -40.2032817,-9.4923567,371.4 -40.2033867,-9.492315,371.2 -40.2035483,-9.4922633,371.2 -40.2037383,-9.4921883,371 -40.2039633,-9.4920983,370.1 -40.2042283,-9.4920017,369.1 -40.2045017,-9.4918933,368.3 -40.2047983,-9.4917833,368.7 -40.2050883,-9.491665,369.3 -40.205385,-9.49155,369.9 -40.2056733,-9.4914383,370.8 -40.2059117,-9.49135,371.9 -40.2060717,-9.4912833,371.6 -40.2061583,-9.4912467,371.6 -40.2062617,-9.4912083,370.7 -40.2064033,-9.4911467,369.6 -40.2066,-9.4910733,368 -40.206845,-9.490985,367.2 -40.2071317,-9.490875,367.6 -40.2074483,-9.49076,367.7 -40.2078083,-9.4906733,366.7 -40.208165,-9.490575,367.3 -40.2085567,-9.4904617,368.5 -40.2089683,-9.49034,369.6 -40.2093983,-9.490225,369.2 -40.209835,-9.4901117,368.3 -40.2102883,-9.4899933,367.9 -40.2107617,-9.48987,366.3 -40.211245,-9.4897417,367.1 -40.21173,-9.4896133,366.1 -40.2122083,-9.4894733,366.3 -40.2127167,-9.48934,366.9 -40.21324,-9.4892,366 -40.2137567,-9.48906,367.3 -40.214275,-9.4889217,366.7 -40.214805,-9.488775,366.3 -40.2153367,-9.488625,366.1 -40.215875,-9.488475,365.6 -40.2164,-9.4883317,366 -40.2169467,-9.4882567,365.4 -40.2174783,-9.4882383,368 -40.2179867,-9.4882817,370.1 -40.2184833,-9.4883517,372.4 -40.2189983,-9.48842,372.9 -40.2195283,-9.48842,372 -40.2200767,-9.4883633,370.9 -40.220615,-9.4882533,369.5 -40.221175,-9.48813,368.7 -40.2217683,-9.488005,366.6 -40.2223667,-9.48787,365.8 -40.2229833,-9.487735,364.3 -40.2235983,-9.4875983,365.2 -40.2242167,-9.487455,367.3 -40.2248317,-9.4873183,367.7 -40.22546,-9.4871783,368.5 -40.2260917,-9.4870383,367 -40.226735,-9.486895,365.3 -40.2273767,-9.4867533,363.2 -40.2280267,-9.48661,362.9 -40.2286917,-9.48646,364.2 -40.2293367,-9.48631,365.1 -40.22998,-9.4861717,365.2 -40.2306283,-9.4860283,365.4 -40.2312817,-9.485885,365.8 -40.2319317,-9.4857333,367 -40.2325767,-9.48559,367.9 -40.2332367,-9.4854433,369.2 -40.2338867,-9.485295,369.5 -40.2345433,-9.4851533,369.8 -40.2351917,-9.485005,370.7 -40.2358367,-9.4848583,371.2 -40.236485,-9.4847117,371.8 -40.2371367,-9.48457,372.5 -40.2377683,-9.4844233,372.3 -40.2384,-9.4842867,372 -40.23905,-9.484145,372.3 -40.2396817,-9.4839967,371.6 -40.2403083,-9.48385,371.5 -40.240945,-9.48371,371.8 -40.2415633,-9.4835767,372 -40.2421833,-9.4834367,371.7 -40.2428083,-9.4832983,371 -40.2434283,-9.48316,370.2 -40.2440567,-9.48302,370.1 -40.24468,-9.48288,368.7 -40.2453133,-9.4827383,368 -40.2459483,-9.48259,366.4 -40.246585,-9.4824467,366.1 -40.2472267,-9.4823083,366.2 -40.2478683,-9.482175,364.4 -40.24852,-9.4820317,364.5 -40.2491583,-9.4818867,365.1 -40.2497933,-9.481735,366.2 -40.2504233,-9.4815967,366.7 -40.2510583,-9.481465,367.1 -40.25168,-9.4813217,367.8 -40.2523,-9.481185,369.6 -40.2529117,-9.4810417,372.1 -40.25351,-9.4809017,373.8 -40.254115,-9.4807717,373.8 -40.2547133,-9.4806383,373.8 -40.2553183,-9.480505,373.8 -40.2559317,-9.480365,374.3 -40.2565383,-9.48023,375.6 -40.2571283,-9.480095,376.4 -40.2577017,-9.4799717,377 -40.2582933,-9.4798483,375.5 -40.258885,-9.4797167,374.8 -40.259475,-9.479585,373.5 -40.2600683,-9.4794567,373 -40.260665,-9.47933,372.9 -40.2612633,-9.4791967,371.9 -40.2618567,-9.47906,370.3 -40.26245,-9.4789267,369.4 -40.2630667,-9.4787917,368.2 -40.2636867,-9.47866,365.6 -40.2643117,-9.4785283,363.1 -40.2649367,-9.478395,362.1 -40.2655733,-9.4782567,362.1 -40.266195,-9.4781267,361.3 -40.2667917,-9.4779833,362.8 -40.267345,-9.4778567,364.2 -40.26788,-9.4777467,363.7 -40.2684033,-9.4776367,363.4 -40.26891,-9.4775217,363.6 -40.2694117,-9.47741,363.6 -40.2699117,-9.4773033,363.5 -40.2704117,-9.4771933,364.7 -40.2709283,-9.4770783,365 -40.2714783,-9.47698,363.3 -40.2720267,-9.4768667,362.6 -40.2725783,-9.47674,364.5 -40.2731417,-9.4766183,365 -40.27371,-9.4764833,363.7 -40.27428,-9.476335,366.2 -40.274855,-9.4761967,367.9 -40.2754433,-9.47607,369.4 -40.276035,-9.4759383,370.1 -40.2766183,-9.47581,370.2 -40.2772217,-9.4756767,371.3 -40.2778367,-9.475545,372.1 -40.27846,-9.475415,373.3 -40.2790633,-9.47528,373.5 -40.2796733,-9.47515,373.6 -40.28027,-9.475015,374 -40.2808783,-9.4748767,375.9 -40.2814933,-9.4747433,376.2 -40.2821033,-9.4746117,374.9 -40.2827167,-9.4744817,373.8 -40.2833233,-9.4743517,375 -40.28392,-9.4742167,374.8 -40.284535,-9.4740817,374.5 -40.2851617,-9.4739417,376.1 -40.2857783,-9.4738017,376.8 -40.2864067,-9.47367,375.1 -40.287035,-9.4735333,373.4 -40.2876667,-9.4734,371.7 -40.2883117,-9.4732533,371.4 -40.288965,-9.4731067,372.7 -40.2896267,-9.4729583,373.8 -40.2902817,-9.472815,374.9 -40.2909333,-9.4726617,376.4 -40.2915867,-9.4725233,377.1 -40.2922367,-9.472375,378.8 -40.292865,-9.4722417,379.5 -40.2934583,-9.472115,379.9 -40.294045,-9.47198,380.4 -40.2946367,-9.47185,379.8 -40.295225,-9.471715,378.9 -40.295825,-9.471585,378.3 -40.2964267,-9.4714517,378.2 -40.2970283,-9.4713133,377.2 -40.297635,-9.4711783,375 -40.2982367,-9.4710483,374.1 -40.2988417,-9.4709167,372.7 -40.2994517,-9.4707817,372.2 -40.3000467,-9.4706517,372.9 -40.3006317,-9.470525,371.1 -40.30123,-9.470395,370.7 -40.30182,-9.47026,371.7 -40.3024017,-9.4701333,372.2 -40.3029867,-9.4700083,371.9 -40.30357,-9.4698783,371.2 -40.304155,-9.4697383,372.5 -40.3047317,-9.4696133,373.6 -40.3053,-9.46949,373.8 -40.3058817,-9.4693633,372.4 -40.3064583,-9.46924,371.2 -40.3070317,-9.4691117,370.1 -40.3076133,-9.468975,371.9 -40.3081983,-9.4688467,370.5 -40.3087783,-9.4687183,370.1 -40.3093717,-9.468585,371.1 -40.3099483,-9.468455,371.5 -40.3105233,-9.4683267,371.9 -40.3110983,-9.4682,372.7 -40.3116633,-9.4680767,374.4 -40.3122233,-9.467955,375.4 -40.312765,-9.4678433,376 -40.3133167,-9.46772,377.1 -40.313875,-9.4675967,379.5 -40.3144333,-9.4674717,381.6 -40.31499,-9.467345,382 -40.31557,-9.467225,382.4 -40.3161317,-9.4671017,382.1 -40.3166817,-9.4669817,381 -40.3172283,-9.46686,382.1 -40.3177667,-9.4667383,383 -40.3182933,-9.46662,383.3 -40.3188217,-9.466505,384.9 -40.3193217,-9.4664,384.9 -40.3198083,-9.4662883,385.2 -40.3202833,-9.4661967,385.3 -40.3207817,-9.4661,383.8 -40.3213,-9.4660067,381.1 -40.3218233,-9.4658917,378.9 -40.322355,-9.465765,379 -40.322885,-9.4656317,381.6 -40.323415,-9.4654983,384.3 -40.3239483,-9.4653867,385.3 -40.3244767,-9.46527,385.6 -40.325,-9.4651483,387.1 -40.325495,-9.465045,387.1 -40.32593,-9.4649567,386 -40.32632,-9.4648717,385.1 -40.3266517,-9.464805,383.8 -40.3269633,-9.46474,383.9 -40.327275,-9.46467,383.6 -40.32758,-9.4645967,384.1 -40.3278883,-9.4645333,383 -40.3281883,-9.46447,382.3 -40.3284817,-9.4644033,381.4 -40.3287767,-9.464345,383.7 -40.3290717,-9.464275,382.3 -40.329375,-9.464205,382.8 -40.3296833,-9.4641333,383.4 -40.3300167,-9.464055,383.9 -40.3303883,-9.463995,382.6 -40.3307817,-9.4639283,380.8 -40.33121,-9.4638267,378.6 -40.3316983,-9.463725,376.5 -40.3322167,-9.4636067,375.1 -40.3327567,-9.4634917,374.5 -40.33332,-9.463355,374.3 -40.333895,-9.4632133,376.3 -40.33448,-9.46309,377 -40.33506,-9.4629617,378 -40.3356583,-9.4628283,378.8 -40.3362567,-9.4627017,380.9 -40.33686,-9.4625767,381.6 -40.3374667,-9.462445,382.8 -40.338075,-9.4623133,384.2 -40.33869,-9.4621833,384.8 -40.3392883,-9.4620483,384.5 -40.33989,-9.4619117,385.8 -40.3404867,-9.461775,386.6 -40.3410867,-9.4616467,386.8 -40.3416883,-9.4615217,386.5 -40.3422933,-9.4613933,385.4 -40.342905,-9.461255,386 -40.343515,-9.4611217,386.3 -40.34411,-9.4609883,386.5 -40.3446717,-9.46086,386.7 -40.34521,-9.4607433,387.4 -40.3457117,-9.4606317,387.6 -40.3461633,-9.4605367,387.6 -40.3465633,-9.4604417,388.2 -40.3468917,-9.4603783,390 -40.3471317,-9.4603233,389.9 -40.347275,-9.4602867,389.7 -40.3473717,-9.4602633,389.3 -40.3474883,-9.460235,388.3 -40.3476467,-9.460195,387.6 -40.347855,-9.4601433,386.9 -40.3480767,-9.4600833,387.7 -40.34824,-9.4600467,388.5 -40.3483317,-9.460025,388.9 -40.3484583,-9.4599933,387.6 -40.3486367,-9.4599467,387.5 -40.348865,-9.4598917,387.6 -40.34914,-9.4598317,387.2 -40.34946,-9.4597667,386.1 -40.349825,-9.4596917,386.4 -40.3502067,-9.459605,386.6 -40.3506267,-9.4595183,388 -40.3510517,-9.45941,389 -40.35151,-9.4593017,389.7 -40.3519917,-9.4591967,388.9 -40.352485,-9.45909,388.2 -40.3530017,-9.458975,388.8 -40.35352,-9.4588683,388.6 -40.3540617,-9.4587533,386.5 -40.3546217,-9.45863,385.5 -40.3551883,-9.4585017,385.6 -40.355765,-9.458375,385.4 -40.35636,-9.4582433,386.7 -40.3569217,-9.458115,386.6 -40.357485,-9.4579933,387.7 -40.35803,-9.4578733,388.1 -40.3585567,-9.4577633,388.6 -40.3590983,-9.4576483,390.1 -40.3596283,-9.4575433,390.4 -40.36016,-9.457445,389.2 -40.36072,-9.4573333,387 -40.3612833,-9.4572067,386.6 -40.3618567,-9.4570683,387.4 -40.3624517,-9.4569283,386.3 -40.3630383,-9.4567917,387.1 -40.3636233,-9.456655,386.2 -40.3642367,-9.456525,386.3 -40.364875,-9.456385,388.7 -40.3655083,-9.4562417,388.9 -40.36614,-9.4561067,388.6 -40.3667783,-9.455965,389.2 -40.3674367,-9.4558217,387.5 -40.368075,-9.4556767,387.2 -40.3687283,-9.4555333,387.6 -40.3693867,-9.4553867,387.7 -40.37004,-9.455245,388 -40.3706933,-9.4551,388.6 -40.3713333,-9.4549633,389.7 -40.3719617,-9.454825,387.4 -40.3725983,-9.4546917,387.4 -40.3732217,-9.454555,386 -40.37386,-9.4544083,386.2 -40.374505,-9.454265,387.6 -40.3751483,-9.45412,388.3 -40.3757783,-9.4539833,389.6 -40.376405,-9.4538433,389.8 -40.377025,-9.4537017,389.7 -40.3776567,-9.4535617,390.2 -40.37827,-9.4534233,389.6 -40.3788783,-9.45328,389.2 -40.379495,-9.4531417,389.7 -40.3800983,-9.453005,390 -40.3806733,-9.4528767,389.9 -40.38122,-9.45275,389.9 -40.38175,-9.4526383,389.4 -40.3822567,-9.452525,388.2 -40.3827417,-9.4524333,386.9 -40.3832017,-9.4523433,387.2 -40.3836383,-9.4522517,387.2 -40.3840767,-9.4521517,387.4 -40.3844917,-9.4520633,387.5 -40.3848867,-9.4519733,388.1 -40.3852333,-9.4518917,386.1 -40.3854667,-9.4518417,386.2 -40.3856033,-9.4518167,386.8 -40.3857317,-9.45179,387.2 -40.3859033,-9.451755,387.4 -40.38611,-9.4517133,386.8 -40.3863733,-9.451665,386.5 -40.38666,-9.4516017,386.4 -40.386985,-9.4515283,388.2 -40.3873067,-9.4514533,389.5 -40.387625,-9.451385,388.8 -40.387935,-9.4513217,389.9 -40.3881633,-9.4512783,388.7 -40.3882683,-9.4512533,388.8 -40.3883933,-9.45123,388.1 -40.388565,-9.45119,387.5 -40.388795,-9.4511383,387.5 -40.3890667,-9.4510817,388.2 -40.3893817,-9.45101,389.8 -40.3897117,-9.4509433,389.9 -40.3900867,-9.4508683,389.7 -40.3904883,-9.4507833,390.3 -40.3909133,-9.4506967,388.9 -40.3913667,-9.4506267,386.1 -40.3918267,-9.4505883,384.5 -40.3923117,-9.4505833,384.2 -40.3928083,-9.4506183,382.2 -40.3933333,-9.450705,382.3 -40.3938817,-9.4508467,381.3 -40.39442,-9.451,379.9 -40.3949817,-9.4511583,379.2 -40.39556,-9.4513167,378.8 -40.3961483,-9.451485,378.3 -40.3967417,-9.4516483,377 -40.3973433,-9.45181,377.1 -40.397955,-9.4519733,376.5 -40.3985817,-9.4521467,374.9 -40.39921,-9.4523217,374.4 -40.3998533,-9.4525017,375.4 -40.4004933,-9.4526783,375.6 -40.4011333,-9.4528583,375.3 -40.4017817,-9.45303,375.3 -40.40242,-9.4532083,374.9 -40.403035,-9.4533783,374.5 -40.4036167,-9.4535383,374.6 -40.404195,-9.4536883,375.5 -40.4047767,-9.45384,375.9 -40.4053567,-9.4539983,375 -40.4059417,-9.4541583,376.2 -40.4065067,-9.454315,376.5 -40.4070817,-9.4544783,376.6 -40.40766,-9.4546333,376.1 -40.4082583,-9.4547933,375.6 -40.40887,-9.4549567,374.3 -40.40948,-9.4551267,372.3 -40.4101017,-9.4553017,370.5 -40.4107167,-9.4554683,368.9 -40.4113317,-9.455635,367.8 -40.4119317,-9.4557967,367 -40.41252,-9.455955,366.7 -40.4130817,-9.456105,367.4 -40.4136067,-9.456245,368.4 -40.414095,-9.45637,369.6 -40.4145617,-9.4565,369.1 -40.414995,-9.45662,368.9 -40.415395,-9.4567283,368.6 -40.41577,-9.4568333,368.4 -40.4161033,-9.4569283,368.5 -40.4163717,-9.456995,368.5 -40.41658,-9.4570533,368.3 -40.4167117,-9.4570917,368.5 -40.4168433,-9.457125,367.9 -40.4170133,-9.4571717,367.2 -40.4172217,-9.4572267,367.1 -40.41742,-9.4572767,367.2 -40.4175617,-9.4573133,367.2 -40.4176983,-9.4573517,367.3 -40.4178917,-9.4574033,367.2 -40.4181367,-9.4574567,367.4 -40.4184233,-9.4575433,367.5 -40.4187733,-9.4576433,366.5 -40.4191517,-9.4577267,366.6 -40.4195533,-9.4578333,366.3 -40.4199917,-9.4579583,364.9 -40.420445,-9.4580883,364.6 -40.4209083,-9.4582067,364.8 -40.421335,-9.45832,366.9 -40.421725,-9.4584183,365.9 -40.4221183,-9.458525,365 -40.4225117,-9.4586317,365.1 -40.4228867,-9.4587333,366.5 -40.4232467,-9.4588167,366.1 -40.4236067,-9.4589133,365.5 -40.42397,-9.459015,364.7 -40.4243483,-9.45912,363.2 -40.424745,-9.459225,363.3 -40.4251617,-9.4593683,363.1 -40.425615,-9.4595083,363.4 -40.4261,-9.4596267,363.7 -40.4266083,-9.4597467,365.6 -40.4271383,-9.4598683,366.3 -40.42767,-9.4600133,364.4 -40.428205,-9.4601617,364.9 -40.4287317,-9.4603067,365.5 -40.4292267,-9.4604383,365.3 -40.4297083,-9.4605767,365.9 -40.43021,-9.46072,365.5 -40.4307267,-9.4608633,365.1 -40.431255,-9.4610067,364.9 -40.4317883,-9.4611533,364.9 -40.4323283,-9.4613,366.7 -40.4328783,-9.4614583,366.1 -40.433435,-9.4616067,364.7 -40.4339917,-9.4617533,365.8 -40.4345533,-9.4619067,366.7 -40.43508,-9.462045,367 -40.4355717,-9.46218,367.2 -40.436035,-9.46231,367.9 -40.4364783,-9.4624317,368.4 -40.4368667,-9.4625383,369.1 -40.437185,-9.462625,370.2 -40.43739,-9.4626733,370.8 -40.43751,-9.4627083,371.4 -40.4376617,-9.4627567,371.9 -40.43786,-9.4628,370.9 -40.4380917,-9.462855,369.3 -40.4383533,-9.4629033,368.4 -40.4386567,-9.4629217,369.8 -40.43896,-9.462915,370.2 -40.439195,-9.462885,372.8 -40.4393167,-9.4628633,373.4 -40.4394117,-9.4628483,374.2 -40.4395533,-9.4628167,374.9 -40.4397333,-9.4627783,374.7 -40.4399567,-9.462725,373.2 -40.4401667,-9.4626767,375.1 -40.440285,-9.46265,375 -40.4403983,-9.46263,375 -40.4405733,-9.4625917,374.2 -40.4407917,-9.4625417,373.5 -40.4410433,-9.4624817,373.1 -40.4413383,-9.4624233,373 -40.44167,-9.46235,374 -40.4420383,-9.4622567,374.4 -40.4424217,-9.4621683,375.7 -40.4428383,-9.4620683,376.7 -40.44327,-9.4619717,377.3 -40.44372,-9.461865,376.7 -40.44421,-9.4617633,374.5 -40.444715,-9.4616567,374.3 -40.445235,-9.4615383,374.6 -40.4457583,-9.461425,373.1 -40.446295,-9.46131,372.9 -40.446865,-9.4611867,372.9 -40.4474383,-9.4610633,373.6 -40.4480133,-9.46094,373.4 -40.4486017,-9.46081,372.7 -40.4491933,-9.4606833,372.4 -40.4497833,-9.460555,372.7 -40.45038,-9.46043,372.4 -40.4509817,-9.4603,371.9 -40.4515933,-9.460165,372 -40.4522133,-9.4600367,372.2 -40.4528167,-9.4599017,373 -40.4534183,-9.45977,372.6 -40.454015,-9.4596367,372 -40.4546017,-9.4595033,371.6 -40.4551767,-9.4593683,371.1 -40.455755,-9.45924,370.9 -40.4563233,-9.4591167,371.4 -40.4568733,-9.4589933,370 -40.4573917,-9.4588767,369.5 -40.4578833,-9.4587717,369.3 -40.4583467,-9.4586733,368.8 -40.4587783,-9.458575,369.5 -40.459185,-9.4584833,370.5 -40.4595933,-9.458395,370.8 -40.46002,-9.458315,370.2 -40.460475,-9.458235,369.5 -40.46096,-9.4581333,369.5 -40.4614583,-9.4580183,368.9 -40.46197,-9.4579033,367.7 -40.46249,-9.4577683,368.5 -40.46303,-9.4576333,367.2 -40.4635783,-9.4575167,366.9 -40.4641217,-9.4573867,367.2 -40.4646667,-9.457265,367.1 -40.4652117,-9.4571433,366.7 -40.4657517,-9.4570317,365.6 -40.4662817,-9.4569117,363.9 -40.4668033,-9.45678,363.9 -40.467335,-9.4566717,363.9 -40.4678433,-9.45656,363.9 -40.4683517,-9.4564633,363.7 -40.4688133,-9.4563617,363.3 -40.46925,-9.4562683,362.8 -40.469695,-9.45616,362.2 -40.470145,-9.456055,361.4 -40.4706117,-9.4559517,361 -40.4710867,-9.45585,360.6 -40.471555,-9.45575,360.4 -40.4720183,-9.4556467,358.7 -40.4724717,-9.4555417,358.9 -40.4729283,-9.4554567,359.5 -40.473375,-9.4553683,358.7 -40.473825,-9.45527,358.1 -40.474265,-9.4551683,358.7 -40.4747083,-9.4550683,359.1 -40.4751517,-9.4549633,358.8 -40.4755917,-9.4548683,359.6 -40.4760133,-9.454775,359.5 -40.4764317,-9.4546833,358.9 -40.4768233,-9.4546,358.4 -40.4771917,-9.4545233,357.5 -40.4775167,-9.4544533,357 -40.4778283,-9.45438,358 -40.4781033,-9.4543167,359.6 -40.4783483,-9.4542567,360.4 -40.4785767,-9.4542067,360.4 -40.4787917,-9.45416,360.9 -40.479,-9.4541183,360.9 -40.479195,-9.45408,360.8 -40.4793867,-9.4540317,361.5 -40.47957,-9.45399,361.2 -40.4797517,-9.4539433,360.7 -40.479935,-9.4539,360.8 -40.4801183,-9.4538533,359.3 -40.4803,-9.4538083,360.2 -40.480485,-9.45377,360.9 -40.4806733,-9.4537267,361.7 -40.48087,-9.4536783,362.2 -40.4810833,-9.4536183,361 -40.4813167,-9.4535317,360.5 -40.481575,-9.4534367,359.9 -40.4818233,-9.4533267,360.4 -40.4820383,-9.4532033,361 -40.48223,-9.453085,360.5 -40.4823867,-9.452995,361.1 -40.4825133,-9.4529083,360.6 -40.482645,-9.45281,361.5 -40.48279,-9.4526817,361 -40.4829483,-9.45254,360.4 -40.4831133,-9.4523867,359.1 -40.4832967,-9.4522167,359.2 -40.483475,-9.45204,360 -40.48364,-9.4518683,360.7 -40.483805,-9.45171,360.2 -40.4839533,-9.451565,359.7 -40.4840683,-9.4514517,360.1 -40.4841367,-9.45138,360 -40.4841567,-9.45135,360.2 -40.4841717,-9.4513167,363.5 -40.484235,-9.4512583,362.9 -40.4843283,-9.4511667,362.3 -40.4844467,-9.4510517,362.9 -40.484585,-9.4509117,362.6 -40.48473,-9.4507633,362.6 -40.4848783,-9.450585,362.4 -40.48505,-9.4504067,361.4 -40.485215,-9.4502383,360.4 -40.4854033,-9.45008,360 -40.4855767,-9.4499,360.1 -40.485755,-9.449725,361.3 -40.485935,-9.449555,360.9 -40.486095,-9.4493933,361.5 -40.486255,-9.4492217,361.3 -40.4864317,-9.449045,360.5 -40.4866067,-9.4488817,360.4 -40.4867767,-9.4487267,360.6 -40.4869433,-9.44856,361.8 -40.4871167,-9.448395,362.3 -40.48729,-9.4482267,361.6 -40.4874583,-9.4480567,361.1 -40.4876067,-9.4479133,361 -40.4877067,-9.4478083,360.8 -40.487785,-9.4477267,359.7 -40.4878417,-9.44766,359.8 -40.4878783,-9.44758,360.1 -40.4879117,-9.447485,360.2 -40.4879383,-9.4474083,360.5 -40.487995,-9.4473367,360.4 -40.48808,-9.4473033,359.9 -40.488135,-9.447315,359.4 -40.488175,-9.44734,360.2 -40.4882083,-9.4473767,360.4 -40.48826,-9.4474267,360.6 -40.4883367,-9.4475433,360.6 -40.488425,-9.4477233,358.9 -40.488535,-9.4478717,358.7 -40.488685,-9.4479833,357.5 -40.48884,-9.448075,357.5 -40.4889917,-9.4481633,358.2 -40.4891433,-9.4482433,358.6 -40.4893067,-9.44833,357.8 -40.4894567,-9.4483967,358.7 -40.4895867,-9.4484267,359.4 -40.4896767,-9.44843,359.7 -40.489735,-9.4484233,360.2 -40.4898217,-9.4484133,358.2 -40.4899117,-9.4484083,358.1 -40.4900133,-9.448415,358.6 -40.4901167,-9.4484417,358.6 -40.4902033,-9.44851,359.4 -40.4903,-9.448605,359.7 -40.4904117,-9.4487567,359.8 -40.49058,-9.448955,359.8 -40.4908317,-9.4490967,361.2 -40.4911283,-9.44925,360.6 -40.4914133,-9.4493883,362.5 -40.4917083,-9.44953,364.3 -40.4920283,-9.4496867,363.7 -40.492365,-9.4498433,364 -40.4927167,-9.4499867,364.9 -40.4930717,-9.4501333,364.3 -40.4934083,-9.450265,365.1 -40.4936883,-9.45037,364.8 -40.4939833,-9.4504817,364.3 -40.4943,-9.4505867,363.2 -40.4946433,-9.450705,363.5 -40.4949883,-9.4507983,362.9 -40.4953667,-9.4508917,363.3 -40.4957383,-9.4509983,364.4 -40.496115,-9.451105,364.4 -40.4964917,-9.4512017,363.7 -40.4968533,-9.4512817,363.1 -40.4972183,-9.45133,363.3 -40.4975933,-9.451375,363 -40.4979683,-9.4514333,363.4 -40.4983583,-9.4515083,364.5 -40.4987617,-9.45159,365 -40.49917,-9.4516833,365.5 -40.4995533,-9.45173,367.6 -40.49983,-9.4517517,367.8 -40.49994,-9.45177,368.1 -40.500045,-9.45178,366.7 -40.500175,-9.4517833,365.9 -40.5002967,-9.45178,366 -40.50038,-9.4517667,364.5 -40.5004117,-9.4517667,364.1 -40.500375,-9.4517567,363.8 -40.500375,-9.4517567,363.8 -40.50033,-9.4517433,363.8 -40.500285,-9.4517383,365 -40.5002517,-9.451735,364.4 -40.5002517,-9.451735,364.4 -40.5002267,-9.451745,362.9 -40.5002483,-9.45174,363.1 -40.5002483,-9.45174,363.1 -40.5002483,-9.45174,363.1 -40.5002483,-9.45174,363.1 -40.5002667,-9.4517433,363.6 -40.5002867,-9.4517267,364.1 -40.5003417,-9.45174,364.9 -40.5003667,-9.4517433,366.4 -40.500325,-9.4517517,364.4 -40.50027,-9.4517517,363.7 -40.50022,-9.451745,363.3 -40.5002683,-9.4517533,364.5 -40.5003167,-9.4517517,364.4 -40.5003733,-9.4517533,363.4 -40.500415,-9.45177,364.9 -40.500415,-9.45177,363.7 -40.500415,-9.45177,363.8 -40.500415,-9.45177,363.7 -40.500415,-9.45177,363.9 -40.500415,-9.45177,366.5 -40.500415,-9.45177,366.9 -40.500415,-9.45177,366.9 -40.500415,-9.45177,366.9 -40.500415,-9.45177,362 -40.500415,-9.45177,363.6 -40.500415,-9.45177,364 -40.500415,-9.45177,361.8 -40.500415,-9.45177,361.7 -40.500415,-9.45177,361.7 -40.500415,-9.45177,361.7 -40.500415,-9.45177,364.6 -40.500415,-9.45177,365 -40.500415,-9.45177,363.1 -40.500415,-9.45177,364.4 -40.500415,-9.45177,363.4 -40.500415,-9.45177,364.2 -40.500415,-9.45177,363.1 -40.500415,-9.45177,364.5 -40.500415,-9.45177,363.7 -40.500415,-9.45177,363.7 -40.500415,-9.45177,363.7 -40.500415,-9.45177,363.7 -40.500415,-9.45177,363.7 -40.500415,-9.45177,363.7 -40.500415,-9.45177,362.4 -40.500415,-9.45177,363.2 -40.500415,-9.45177,363.9 -40.500415,-9.45177,364.1 -40.500415,-9.45177,364.2 -40.500415,-9.45177,364.2 -40.500415,-9.45177,364.2 -40.500415,-9.45177,361.6 -40.500415,-9.45177,362.4 -40.500415,-9.45177,362.4 -40.500415,-9.45177,362.4 -40.500415,-9.45177,362.4 -40.500415,-9.45177,364 -40.500415,-9.45177,364.6 -40.500415,-9.45177,364.6 -40.500415,-9.45177,364.6 -40.500415,-9.45177,364.6 -40.500415,-9.45177,364.1 -40.500415,-9.45177,363.8 -40.500415,-9.45177,363.8 -40.500415,-9.45177,365.1 -40.500415,-9.45177,365.1 -40.500415,-9.45177,364.2 -40.500415,-9.45177,363.6 -40.500415,-9.45177,360.6 -40.500415,-9.45177,360.6 -40.500415,-9.45177,360.6 -40.500415,-9.45177,360.6 -40.500415,-9.45177,360.6 -40.500415,-9.45177,360.6 -40.500415,-9.45177,360.6 -40.500415,-9.45177,360.6 -40.500415,-9.45177,363.7 -40.500415,-9.45177,362.8 -40.500415,-9.45177,363.6 -40.500415,-9.45177,363.6 -40.500415,-9.45177,363.6 -40.500415,-9.45177,363.6 -40.500415,-9.45177,363.6 -40.500415,-9.45177,363.6 -40.500415,-9.45177,363.6 -40.500415,-9.45177,363.6 -40.500415,-9.45177,363.6 -40.500415,-9.45177,363.6 -40.500415,-9.45177,363.6 -40.500415,-9.45177,363.6 -40.500415,-9.45177,363.6 -40.500415,-9.45177,363.6 -40.500415,-9.45177,363.6 -40.500415,-9.45177,363.6 -40.500415,-9.45177,363.6 -40.500415,-9.45177,363.6 -40.500415,-9.45177,362.7 -40.500415,-9.45177,362.7 -40.500415,-9.45177,362.7 -40.500415,-9.45177,362.7 -40.500415,-9.45177,362.7 -40.500415,-9.45177,362.7 -40.500415,-9.45177,362.7 -40.500415,-9.45177,362.7 -40.500415,-9.45177,362.7 -40.500415,-9.45177,362.7 -40.500415,-9.45177,362.7 -40.500415,-9.45177,362.7 -40.500415,-9.45177,362.7 -40.500415,-9.45177,362.7 -40.500415,-9.45177,362.4 -40.500415,-9.45177,362.5 -40.500415,-9.45177,362.6 -40.500415,-9.45177,362.3 -40.500415,-9.45177,361.8 -40.500415,-9.45177,363.9 -40.500415,-9.45177,364.1 -40.500415,-9.45177,364.1 -40.500415,-9.45177,363.1 -40.500415,-9.45177,363.6 -40.500415,-9.45177,363.6 -40.500415,-9.45177,362.6 -40.500415,-9.45177,361 -40.500415,-9.45177,361 -40.500415,-9.45177,362.8 -40.500415,-9.45177,362.3 -40.500415,-9.45177,362.4 -40.500415,-9.45177,361 -40.500415,-9.45177,361 -40.500415,-9.45177,362.3 -40.500415,-9.45177,362.1 -40.500415,-9.45177,362.1 -40.500415,-9.45177,362.1 -40.500415,-9.45177,362.1 -40.500415,-9.45177,362.4 -40.500415,-9.45177,362.4 -40.500415,-9.45177,362.4 -40.500415,-9.45177,362.2 -40.500415,-9.45177,361.5 -40.500405,-9.45175,362.4 -40.5003783,-9.45171,363.9 -40.50038,-9.4517033,363.2 -40.5003717,-9.4516817,363.1 </coordinates></LineString></Placemark></Folder></Document></kml>
